model,ticker,horizon,n,qlike,mse,rmse,mae,pearson,spearman,qlike_spike_days,qlike_normal_days,pred_exp_clip_count,training_time_sec,inference_time_sec
B0_GlobalMean,ADI,1,251,0.3027550868735499,0.21180159893515588,0.4602190771091045,0.37352986660892246,,,2.8031991193151105,0.28267119906277427,0,0.00011929997708648443,0.0
B0_GlobalMean,ADI,5,247,0.3045157295781551,0.21334082642841073,0.4618883267938374,0.37398918454496294,,,2.7994456428226586,0.28414895477615915,0,0.0001379000023007393,0.0
B0_GlobalMean,ADI,10,242,0.31026446210430103,0.21790574718852698,0.4668037566135549,0.37933243133091776,,,4.395398639235368,0.2933136978838402,0,0.00010710000060498714,0.0
B0_GlobalMean,ADI,22,230,0.31692231125988723,0.22273395586522365,0.47194698416795045,0.3860632267736486,,,4.339061280757392,0.2993583856288938,0,0.00010369997471570969,0.0
B0_GlobalMean,AMAT,1,251,0.23975085114346736,0.13032044161512024,0.3609992266129115,0.2954306503648911,,,1.6325627298510974,0.21144166661688948,0,0.00011929997708648443,0.0
B0_GlobalMean,AMAT,5,247,0.24152998471691242,0.13120340941379258,0.36222011182952357,0.2966906694056012,,,1.6300046180144456,0.21284249229340968,0,0.0001379000023007393,0.0
B0_GlobalMean,AMAT,10,242,0.23913860671907225,0.13103327628791955,0.3619851879399481,0.2955570341717249,,,1.6161002964903617,0.21008878204035306,0,0.00010710000060498714,0.0
B0_GlobalMean,AMAT,22,230,0.23982684171720034,0.1345417651891596,0.36679935276545894,0.29997258410138045,,,1.7359376741668164,0.220054451861038,0,0.00010369997471570969,0.0
B0_GlobalMean,AMD,1,251,0.5672217052296311,0.16754591751017306,0.4093237319166494,0.32281398088122815,,,2.8423710122973787,0.24663248468826662,0,0.00011929997708648443,0.0
B0_GlobalMean,AMD,5,247,0.575179726866171,0.16990049130299725,0.41218987287777614,0.32632957084874803,,,2.8385989166257573,0.2503371579654895,0,0.0001379000023007393,0.0
B0_GlobalMean,AMD,10,242,0.5747815928266139,0.1698432318104399,0.412120409359255,0.3263108843890611,,,2.8672887909831384,0.250370196861068,0,0.00010710000060498714,0.0
B0_GlobalMean,AMD,22,230,0.5502623311818339,0.16372974016171085,0.404635317491826,0.31917295592416683,,,2.851568635603946,0.24417725620943478,0,0.00010369997471570969,0.0
B0_GlobalMean,AVGO,1,251,0.43058846920370336,0.21451078147686023,0.4631530864378,0.37698258378967076,,,6.326513301969503,0.2861984732992348,0,0.00011929997708648443,0.0
B0_GlobalMean,AVGO,5,247,0.4273765029684075,0.20938461182871643,0.45758563332857866,0.37311849411888404,,,6.319661346305061,0.2806806147525572,0,0.0001379000023007393,0.0
B0_GlobalMean,AVGO,10,242,0.43196405879004396,0.21188491594881342,0.4603095870702819,0.37489030813954255,,,6.282397015724224,0.28322423785103934,0,0.00010710000060498714,0.0
B0_GlobalMean,AVGO,22,230,0.44187446978528666,0.21609308888890735,0.4648581384561395,0.3785634378946252,,,6.211789017340702,0.2873231872614809,0,0.00010369997471570969,0.0
B0_GlobalMean,INTC,1,251,0.3143022721824338,0.1346981688166491,0.3670124913632356,0.289258115681637,,,2.165172090321557,0.1966622413685065,0,0.00011929997708648443,0.0
B0_GlobalMean,INTC,5,247,0.3125838496567889,0.13197999422092113,0.3632905094011143,0.2861840408564951,,,2.16204147267935,0.19300684816826122,0,0.0001379000023007393,0.0
B0_GlobalMean,INTC,10,242,0.3142679464996803,0.1329438719215121,0.3646146896677534,0.28771600836918226,,,2.1450225197575774,0.19329297469849765,0,0.00010710000060498714,0.0
B0_GlobalMean,INTC,22,230,0.30206467958104605,0.13188428676662814,0.3631587624808579,0.2883378511332672,,,2.1526755869117618,0.19119858835846865,0,0.00010369997471570969,0.0
B0_GlobalMean,KLAC,1,251,0.26018296833713944,0.1454921304517625,0.38143430686261365,0.3032492925706403,,,1.6564356239966522,0.23180384931966969,0,0.00011929997708648443,0.0
B0_GlobalMean,KLAC,5,247,0.2623552196613846,0.14675748888644022,0.3830894006448628,0.30410599154568374,,,1.6538610509521852,0.23360509918016972,0,0.0001379000023007393,0.0
B0_GlobalMean,KLAC,10,242,0.2658575766511522,0.14954573191608309,0.3867114323576213,0.3076031488825224,,,1.6398671747123088,0.23687003238825866,0,0.00010710000060498714,0.0
B0_GlobalMean,KLAC,22,230,0.26159842917861087,0.14915195484523278,0.3862019612136023,0.307846770256921,,,1.613388898523917,0.2315586409709374,0,0.00010369997471570969,0.0
B0_GlobalMean,LRCX,1,251,0.23493553363538022,0.12162369298638806,0.34874588597772455,0.2872100778357044,,,1.5368298356355026,0.2084742673345647,0,0.00011929997708648443,0.0
B0_GlobalMean,LRCX,5,247,0.23614297055001865,0.12216766029388913,0.3495249065429946,0.2875070150718983,,,1.5343743162795873,0.2093200088613912,0,0.0001379000023007393,0.0
B0_GlobalMean,LRCX,10,242,0.22927844555846308,0.12092669352357907,0.3477451560030406,0.28594887175070494,,,1.5448656484963637,0.20716773626538906,0,0.00010710000060498714,0.0
B0_GlobalMean,LRCX,22,230,0.22498200528511902,0.12253495881011896,0.3500499375947937,0.28809299535071825,,,1.596863963676945,0.20685140671606408,0,0.00010369997471570969,0.0
B0_GlobalMean,MU,1,251,0.261924241469316,0.13266641806650728,0.3642340155264295,0.2960532153067732,,,1.9013646022084438,0.2079508962597974,0,0.00011929997708648443,0.0
B0_GlobalMean,MU,5,247,0.26153342440701394,0.13234605096361585,0.3637939677394553,0.2951480926731988,,,1.8985138004547761,0.20673910219621017,0,0.0001379000023007393,0.0
B0_GlobalMean,MU,10,242,0.2623702484681748,0.13301274969214363,0.3647091302560763,0.2952783684705836,,,1.8830171436277492,0.20696351700972776,0,0.00010710000060498714,0.0
B0_GlobalMean,MU,22,230,0.26739109771210356,0.13744323220958535,0.37073337077957436,0.2998428329801174,,,1.8536890180612777,0.21022720869051167,0,0.00010369997471570969,0.0
B0_GlobalMean,NVDA,1,251,0.39334135626713207,0.13835663635943404,0.3719632190948912,0.295353058041554,,,2.144995287857684,0.19092801306111284,0,0.00011929997708648443,0.0
B0_GlobalMean,NVDA,5,247,0.3968762915830023,0.13955194975871085,0.37356652655010575,0.2964533328369025,,,2.1418920763441283,0.19158031690522273,0,0.0001379000023007393,0.0
B0_GlobalMean,NVDA,10,242,0.3839217476720633,0.13658302236527237,0.36957140360865637,0.293468760627059,,,2.138309807178645,0.1907781080933571,0,0.00010710000060498714,0.0
B0_GlobalMean,NVDA,22,230,0.3346321239270541,0.12366395369600448,0.3516588598286761,0.27743061305295763,,,2.1684654926672713,0.17892929073213004,0,0.00010369997471570969,0.0
B0_GlobalMean,QCOM,1,251,0.26768748080675947,0.17439070217857072,0.4176011280858455,0.3327470225850992,,,5.345754666242492,0.24737521206501653,0,0.00011929997708648443,0.0
B0_GlobalMean,QCOM,5,247,0.26832979283547265,0.17477102779066844,0.41805624955341647,0.3328963211232831,,,5.339396505476749,0.2477157005076626,0,0.0001379000023007393,0.0
B0_GlobalMean,QCOM,10,242,0.27032533284519944,0.17761994725012398,0.4214498158145569,0.33572134505683754,,,5.304818591488697,0.24943531932385715,0,0.00010710000060498714,0.0
B0_GlobalMean,QCOM,22,230,0.25457647345671264,0.1794249531917722,0.42358582742080997,0.33861457151285074,,,,0.25457647345671264,0,0.00010369997471570969,0.0
B0_GlobalMean,TXN,1,251,0.3420590902400551,0.25238223503038704,0.5023765868652589,0.41805154583753823,,,2.4671868859421657,0.3335585790572467,0,0.00011929997708648443,0.0
B0_GlobalMean,TXN,5,247,0.3428755464307736,0.25328304335488194,0.5032723351773689,0.41805509620840087,,,2.46370756647568,0.33425427805660735,0,0.0001379000023007393,0.0
B0_GlobalMean,TXN,10,242,0.34843221132618885,0.25885813206265984,0.5087810256511732,0.4236491562036287,,,2.444791553926226,0.33973362484237135,0,0.00010710000060498714,0.0
B0_GlobalMean,TXN,22,230,0.3537133221110945,0.269098740832192,0.5187472803130557,0.43407570672460327,,,,0.3537133221110945,0,0.00010369997471570969,0.0
B0_TickerMean,ADI,1,251,0.23497641344751088,0.13446549923563028,0.3666953766215635,0.28592692997313524,,,4.606051466409107,0.19986737687753825,0,0.0012718000216409564,0.0
B0_TickerMean,ADI,5,247,0.2377476130207855,0.13625703968216074,0.36913011213142816,0.287699372412146,,,4.594200400060069,0.2021847331265873,0,0.002773099986370653,0.0
B0_TickerMean,ADI,10,242,0.24116229507392647,0.13882429817567224,0.37259132863725136,0.29033413696800614,,,6.973321549421282,0.21322802430899973,0,0.0016971000004559755,0.0
B0_TickerMean,ADI,22,230,0.2429171874479761,0.14013321567902454,0.3743437132890367,0.29186968869563656,,,6.9163710859949195,0.21377546736698505,0,0.0022933000000193715,0.0
B0_TickerMean,AMAT,1,251,0.2450055854603315,0.14977933469111665,0.3870133520837707,0.31547702607565986,,,1.2490414705254096,0.2245983520240494,0,0.0012718000216409564,0.0
B0_TickerMean,AMAT,5,247,0.2462962461273932,0.15043573185868234,0.3878604541051876,0.3164580185614831,,,1.2487829618899728,0.22558371067775318,0,0.002773099986370653,0.0
B0_TickerMean,AMAT,10,242,0.2452157256408712,0.15071626327367346,0.3882219252871654,0.3155539940979567,,,1.2390581288430755,0.2242485863328078,0,0.0016971000004559755,0.0
B0_TickerMean,AMAT,22,230,0.24909729736655464,0.15578612065325287,0.39469750525339387,0.32156122726671904,,,1.3429132866691136,0.23464157944625652,0,0.0022933000000193715,0.0
B0_TickerMean,AMD,1,251,0.24834714216455686,0.11591524361372714,0.3404632779224907,0.2726313113447508,,,0.999293299053007,0.1425320018757298,0,0.0012718000216409564,0.0
B0_TickerMean,AMD,5,247,0.25058623780977574,0.11640362817565467,0.3411797593287953,0.2726396780669619,,,1.0035613565897192,0.14252036428117273,0,0.002773099986370653,0.0
B0_TickerMean,AMD,10,242,0.25336359520887525,0.11794766413313013,0.34343509449840753,0.274553344080196,,,1.0222755955701908,0.1445552932709532,0,0.0016971000004559755,0.0
B0_TickerMean,AMD,22,230,0.25196563790132565,0.11950458319278048,0.34569434937930427,0.27651401044064444,,,1.0235233025032069,0.1493446677326025,0,0.0022933000000193715,0.0
B0_TickerMean,AVGO,1,251,0.47042454404131906,0.1564860041316365,0.3955831191186455,0.30798783311331035,,,9.837575809708621,0.24102492120865046,0,0.0012718000216409564,0.0
B0_TickerMean,AVGO,5,247,0.47079546427919133,0.1533639647097994,0.3916171149347273,0.30569879813347955,,,9.83079470470925,0.23776643754649282,0,0.002773099986370653,0.0
B0_TickerMean,AVGO,10,242,0.47780814689033574,0.1556605134277523,0.3945383548246638,0.3080874250644733,,,9.798127557458505,0.24085087374029746,0,0.0016971000004559755,0.0
B0_TickerMean,AVGO,22,230,0.49008885375193184,0.15898599940785968,0.3987304846733689,0.31148829752367135,,,9.698716323766703,0.24342918937653626,0,0.0022933000000193715,0.0
B0_TickerMean,INTC,1,251,0.5763229042658041,0.1775392468087105,0.42135406347715515,0.33447979620593143,,,4.179509079804642,0.34730683378664073,0,0.0012718000216409564,0.0
B0_TickerMean,INTC,5,247,0.5793818238707569,0.177219691044042,0.420974691690655,0.3334562207790501,,,4.170640862224342,0.347188351563413,0,0.002773099986370653,0.0
B0_TickerMean,INTC,10,242,0.5770328542391346,0.17702329352182702,0.4207413617910973,0.33279803395304525,,,4.116684179838165,0.3431351895519741,0,0.0016971000004559755,0.0
B0_TickerMean,INTC,22,230,0.5336104485506129,0.16712152538055497,0.40880499676564,0.32198530620250493,,,4.085615697396772,0.3208175073754974,0,0.0022933000000193715,0.0
B0_TickerMean,KLAC,1,251,0.2613122109327952,0.15651293123641108,0.39561715235364997,0.3171947287812945,,,1.4255494443582775,0.23764885252983825,0,0.0012718000216409564,0.0
B0_TickerMean,KLAC,5,247,0.2633717710131598,0.15811444065119654,0.39763606558157744,0.3184425257151171,,,1.4168543954425912,0.2395394853844525,0,0.002773099986370653,0.0
B0_TickerMean,KLAC,10,242,0.2675395864824283,0.16139566030330582,0.4017407874529369,0.32263677912669964,,,1.4043104027686102,0.24355707980972408,0,0.0016971000004559755,0.0
B0_TickerMean,KLAC,22,230,0.2664718276635286,0.1631684659278882,0.4039411664189331,0.32563637237023524,,,1.366902152284232,0.24201782044973522,0,0.0022933000000193715,0.0
B0_TickerMean,LRCX,1,251,0.24076189617412452,0.14932452531581353,0.3864253166082853,0.32074292738005467,,,1.0063263859756582,0.22520164231636974,0,0.0012718000216409564,0.0
B0_TickerMean,LRCX,5,247,0.241258577457233,0.14945659151853694,0.386596160765387,0.3205389978168725,,,1.0072430368390393,0.225432452263394,0,0.002773099986370653,0.0
B0_TickerMean,LRCX,10,242,0.23806215365024153,0.14962753157619757,0.3868171810767944,0.31972912402750764,,,1.0133813187477463,0.22503157944692212,0,0.0016971000004559755,0.0
B0_TickerMean,LRCX,22,230,0.24302611898431792,0.1562727840860707,0.3953135263130655,0.32730819409465495,,,1.0452156110560302,0.2324244957410794,0,0.0022933000000193715,0.0
B0_TickerMean,MU,1,251,0.25425682316492787,0.16402812246244478,0.4050038548735614,0.317837739716268,,,1.1175849342392539,0.22583449852050563,0,0.0012718000216409564,0.0
B0_TickerMean,MU,5,247,0.25338108270433335,0.16322963012187988,0.40401686861055675,0.3165703375826232,,,1.1184425040139587,0.2244250518655174,0,0.002773099986370653,0.0
B0_TickerMean,MU,10,242,0.25434256312803694,0.16355001989768336,0.4044131796785107,0.31759864363559615,,,1.1180677935855992,0.2248134954200861,0,0.0016971000004559755,0.0
B0_TickerMean,MU,22,230,0.26448776826897263,0.17120127524333772,0.41376475833900805,0.32615998197225027,,,1.1051950586177992,0.23419201005820411,0,0.0022933000000193715,0.0
B0_TickerMean,NVDA,1,251,0.25780215307897364,0.13284784980161748,0.3644829897287629,0.2962478045399027,,,1.0002232902070234,0.17201126612195458,0,0.0012718000216409564,0.0
B0_TickerMean,NVDA,5,247,0.2614321253507156,0.13509189229379623,0.3675484897177463,0.29988214466403407,,,0.9943038884816938,0.17521191792354174,0,0.002773099986370653,0.0
B0_TickerMean,NVDA,10,242,0.2583784339552622,0.13582099367336645,0.36853899885000835,0.30079828377073653,,,0.9874933930384548,0.17810889717546124,0,0.0016971000004559755,0.0
B0_TickerMean,NVDA,22,230,0.24562808938251324,0.13588430742163868,0.3686248871436093,0.29916869685678626,,,0.9920609630126095,0.18225171331958054,0,0.0022933000000193715,0.0
B0_TickerMean,QCOM,1,251,0.26051767307793383,0.16499617090481564,0.40619720691409933,0.3223697194002095,,,5.683521442485217,0.23882565800030472,0,0.0012718000216409564,0.0
B0_TickerMean,QCOM,5,247,0.26139709913425657,0.1655684012623808,0.4069009723045409,0.32268432443663414,,,5.671487542015967,0.23940486156156668,0,0.002773099986370653,0.0
B0_TickerMean,QCOM,10,242,0.26284143225361906,0.16819138092428754,0.41011142501067627,0.3255185943795991,,,5.630069965015673,0.24057077444132835,0,0.0016971000004559755,0.0
B0_TickerMean,QCOM,22,230,0.24178174059025698,0.16611628401119288,0.40757365470696566,0.3242926569057564,,,,0.24178174059025698,0,0.0022933000000193715,0.0
B0_TickerMean,TXN,1,251,0.21543138401173187,0.11648706683428997,0.3413020170381212,0.26654781748996054,,,5.7446651690540245,0.1933144488715627,0,0.0012718000216409564,0.0
B0_TickerMean,TXN,5,247,0.21756295442938636,0.11764215025347384,0.3429900148014135,0.2679284366713328,,,5.738413626128817,0.19512047202410412,0,0.002773099986370653,0.0
B0_TickerMean,TXN,10,242,0.21096609912812203,0.11735016047532633,0.3425640968860081,0.2678909847030806,,,5.6854082089028415,0.1882505717016709,0,0.0016971000004559755,0.0
B0_TickerMean,TXN,22,230,0.18889585317214028,0.11611615538684847,0.3407582066316943,0.2677550091035354,,,,0.18889585317214028,0,0.0022933000000193715,0.0
B1_LastValue,ADI,1,251,0.5677758811671137,0.2078262069680723,0.4558795970078857,0.36036483185713813,0.07030442250818857,-0.005984273898108549,2.877811936206177,0.5492213747009366,0,0.0,0.0
B1_LastValue,ADI,5,247,0.3823835336779629,0.16775784945752614,0.40958253070355205,0.32807886194001273,0.23800727256129217,0.18821272488660107,4.109457671615376,0.35195843867439214,0,0.0,0.0
B1_LastValue,ADI,10,242,0.5225188472111261,0.21537526923187603,0.4640854115697627,0.357689346821096,0.01951923529982235,0.0280032074065011,20.467320155179536,0.439760335559805,0,0.0,0.0
B1_LastValue,ADI,22,230,0.6105853301558053,0.22341890041826834,0.4726720855077739,0.37526314575439634,-0.019042304426084334,-0.05187576407186752,17.725705035082978,0.5358468161604901,0,0.0,0.0
B1_LastValue,AMAT,1,251,0.504597273852004,0.2063878200214851,0.45429926262485293,0.36312894043225685,0.14197088879826447,0.13140947929626776,3.8974868608045705,0.4356361033854885,0,0.0,0.0
B1_LastValue,AMAT,5,247,0.47625757014683023,0.20890043758151494,0.45705627397675547,0.37652310815369106,0.11145011839443983,0.09810239985219915,2.399460983283782,0.43652196243738906,0,0.0,0.0
B1_LastValue,AMAT,10,242,0.4869218290402856,0.220206249140525,0.4692613867990046,0.37896075866684364,0.058279935368260496,0.06569616089190965,2.0729159438866964,0.4534620375878297,0,0.0,0.0
B1_LastValue,AMAT,22,230,0.48828880352939563,0.22338146814061471,0.4726324873943969,0.38166707569872765,0.060326449291691765,0.03664832647610425,1.2638292490801497,0.47803937032828436,0,0.0,0.0
B1_LastValue,AMD,1,251,0.35045497351455934,0.15075751214535368,0.3882750470289762,0.30524914223377697,0.3334540135419728,0.29482039589586906,1.0231383316117488,0.25566777305540994,0,0.0,0.0
B1_LastValue,AMD,5,247,0.4776368889294171,0.19565213860748873,0.4423258285557025,0.3539276033886355,0.13309212505943363,0.11494221752204267,1.7774709302853609,0.29108663299407334,0,0.0,0.0
B1_LastValue,AMD,10,242,0.6011898854570257,0.23931339615586436,0.48919668453073595,0.38054282814411416,-0.07190257231135014,-0.04921967643974492,2.202269184999045,0.37462206005013626,0,0.0,0.0
B1_LastValue,AMD,22,230,0.6888918461937014,0.26285786426066055,0.5126966591081519,0.40880272925259986,-0.182845221402637,-0.1731034867074303,2.9179782138008368,0.3924123785809294,0,0.0,0.0
B1_LastValue,AVGO,1,251,0.4945075001066438,0.1933015557213903,0.43966072797259287,0.3477837948327527,0.3530965797291109,0.2600993515060382,3.2999303875113006,0.42580326612938696,0,0.0,0.0
B1_LastValue,AVGO,5,247,0.7612372179912102,0.24284214261637552,0.492790160835599,0.38529700352488633,0.17476928108168294,0.16855465763722538,13.415325966382598,0.44619766408934985,0,0.0,0.0
B1_LastValue,AVGO,10,242,1.105504289306121,0.2857744504290595,0.5345787597997694,0.4032220925547886,0.04483959774157156,0.08181828958359177,23.220839737545546,0.5432499982491866,0,0.0,0.0
B1_LastValue,AVGO,22,230,0.9203488711799656,0.28510323073781746,0.5339505882924163,0.4193026228842388,0.028654895771147746,0.04575332616295498,13.967377368669098,0.5708748935686493,0,0.0,0.0
B1_LastValue,INTC,1,251,0.4018246976133917,0.1786776439437495,0.42270278440501136,0.33415022731007576,0.3355937339387534,0.3262968835788094,0.8523253718121853,0.3731911801855023,0,0.0,0.0
B1_LastValue,INTC,5,247,0.629478047176107,0.23866466349169196,0.48853317542587826,0.38540125743667164,0.10095583936348254,0.1350040294837164,3.061884086124756,0.47221041534753067,0,0.0,0.0
B1_LastValue,INTC,10,242,0.8067477684319255,0.30241708398686035,0.5499246166401903,0.4329662899550816,-0.13454604721800664,-0.13159871178768462,4.642773475815179,0.5532658934947062,0,0.0,0.0
B1_LastValue,INTC,22,230,0.6200733735431107,0.2709040694891584,0.5204844565298357,0.41290263717507975,-0.018897496760262637,0.005205181806570415,2.543957914757504,0.5048176176178244,0,0.0,0.0
B1_LastValue,KLAC,1,251,0.6224420754236625,0.2094165027368885,0.45762047893083685,0.35121369081449016,0.20815987894399376,0.22244716449420623,2.312795977585801,0.5880852887943507,0,0.0,0.0
B1_LastValue,KLAC,5,247,0.5745877318836436,0.2214912900735875,0.47062861161810754,0.38241219894005335,0.149172283994059,0.12865480543805105,3.246196899846281,0.5193891953554901,0,0.0,0.0
B1_LastValue,KLAC,10,242,0.5211324063953188,0.2258198383931126,0.47520504878748143,0.37946078511659725,0.1299245676751957,0.10898302436926158,1.440027440589822,0.5017464352097808,0,0.0,0.0
B1_LastValue,KLAC,22,230,0.5854044510362191,0.24841359876307262,0.49841107407748536,0.3883140734363516,0.03055239708815552,0.042167643840304726,4.85984256697698,0.49041693734864666,0,0.0,0.0
B1_LastValue,LRCX,1,251,0.4014992701372064,0.1779081021670331,0.4217915387570418,0.32829710728200256,0.23594550468595146,0.24862217324969044,1.449803534125761,0.38019227290166663,0,0.0,0.0
B1_LastValue,LRCX,5,247,0.5276179470387781,0.19857200217296334,0.44561418533633257,0.35116923052438165,0.13263998726583354,0.13152760435247948,2.8594322894202038,0.47943996475817013,0,0.0,0.0
B1_LastValue,LRCX,10,242,0.4334522141752623,0.20152016016644478,0.4489099688873536,0.35604481115038084,0.11115280023195694,0.12814279055373065,1.7507243858961303,0.4113131860791133,0,0.0,0.0
B1_LastValue,LRCX,22,230,0.44853068531919643,0.2151555644785577,0.4638486439330805,0.3727806592663569,0.05564979096042261,0.04379799258995151,0.5249498247777455,0.4475207407448544,0,0.0,0.0
B1_LastValue,MU,1,251,0.4719132990549177,0.1882924812792645,0.43392681557984464,0.3479283595235533,0.2768173644301109,0.26391609760761847,1.306635412670229,0.44443273564371405,0,0.0,0.0
B1_LastValue,MU,5,247,0.5587940363685816,0.2375362188598744,0.48737687559000414,0.38084753546557537,0.06775563200156523,0.10811558725345292,3.595432218537136,0.45714924366001075,0,0.0,0.0
B1_LastValue,MU,10,242,0.6726333702422655,0.2668739673673757,0.5165984585414243,0.414000137925205,-0.049620183435482634,-0.05251598940404304,3.8992164208660305,0.5623228385970085,0,0.0,0.0
B1_LastValue,MU,22,230,0.556555880894506,0.2584460663656484,0.5083759104891266,0.4061292327849484,-0.001643081265646447,-0.006230930566178796,1.3581118487895858,0.5276709811505392,0,0.0,0.0
B1_LastValue,NVDA,1,251,0.3526224623516288,0.1497913600955461,0.38702888793415163,0.3083426782628899,0.40981472864458596,0.3924249788749042,1.116958331916596,0.26429920631301035,0,0.0,0.0
B1_LastValue,NVDA,5,247,0.4022544363203578,0.17859161155993866,0.4226010075235726,0.342933051663262,0.27763222438128876,0.27978114966107737,1.307622221749305,0.2957405792110699,0,0.0,0.0
B1_LastValue,NVDA,10,242,0.5292340248711702,0.2208556168243747,0.46995278148381536,0.3718219685317965,0.09907418795513558,0.1159016406629374,2.100715664718512,0.3562268718604536,0,0.0,0.0
B1_LastValue,NVDA,22,230,0.45330947303570257,0.21048787236007016,0.45878957307252544,0.3687872230986888,0.13199660197808272,0.11741371258421127,1.598323205168452,0.35609132596782755,0,0.0,0.0
B1_LastValue,QCOM,1,251,0.41680067108355356,0.17146676352102594,0.4140854543702615,0.32856858526516985,0.3105453475007681,0.28933944376968085,3.6400008941877875,0.4039078701911366,0,0.0,0.0
B1_LastValue,QCOM,5,247,0.48554846397601764,0.19617106018383562,0.44291202307437494,0.35994827532600077,0.1945175621471475,0.16578657751898473,5.993865857837552,0.46315692985462925,0,0.0,0.0
B1_LastValue,QCOM,10,242,0.45485109381003097,0.20664679807639127,0.4545842035051276,0.3574993942412152,0.14339215910310818,0.149717848988562,1.8055443046763555,0.4492465576653575,0,0.0,0.0
B1_LastValue,QCOM,22,230,0.44515356411843826,0.22072090865412047,0.46980943866010233,0.3585929582913689,0.06078476709916084,0.08411238458477148,,0.44515356411843826,0,0.0,0.0
B1_LastValue,TXN,1,251,0.388859474978952,0.17060687265272395,0.413045848124302,0.33521495648939814,0.19233685909512757,0.14462409471328114,1.1441245082903948,0.3858384148457062,0,0.0,0.0
B1_LastValue,TXN,5,247,0.4372622579793767,0.1838730804676943,0.4288042449273261,0.3484007247813181,0.12457426617028428,0.10664315338158097,4.752714579104537,0.4197197688691118,0,0.0,0.0
B1_LastValue,TXN,10,242,0.43857728295046033,0.19418713300107937,0.44066669150399757,0.351914871582357,0.06582876213481575,0.05742235608054587,3.956763815979995,0.42397899858104315,0,0.0,0.0
B1_LastValue,TXN,22,230,0.44455890160786754,0.20228383878914383,0.4497597567470258,0.3530104260344302,0.010797276685644772,0.02056675577859016,,0.44455890160786754,0,0.0,0.0
B2_AR,ADI,1,251,0.26340507637732563,0.120231022072697,0.34674345281879076,0.27017181161058057,0.14640050166503651,0.08896733081135665,4.579986872258875,0.22873373665136942,0,0.001415400009136647,0.027785707032307982
B2_AR,ADI,5,247,0.2394040228147112,0.1133103501478796,0.3366160277643945,0.26373281917136193,0.20208715678334838,0.20011530994350665,5.7604336438759205,0.19433439325502785,0,0.0017717999871820211,0.046510109095834196
B2_AR,ADI,10,242,0.25708908164171157,0.1260484913783376,0.3550330849066571,0.27556417633549324,0.03971641245506663,0.06594435226892016,9.44279570415005,0.21897411640308775,0,0.0015860000276006758,0.04218061128631234
B2_AR,ADI,22,230,0.24692708313283487,0.1328821153843777,0.3645299924346112,0.2827274694766928,-0.003999875953922264,0.011585020349752862,7.536298402810708,0.21509576732638128,0,0.004213699954561889,0.04954200237989426
B2_AR,AMAT,1,251,0.26299849773035644,0.1220704876705733,0.34938587216797035,0.28223795132796764,0.20276452666043102,0.18125168493009997,2.4112897265258155,0.21933404186053002,0,0.0013953999732621014,0.054165788751561195
B2_AR,AMAT,5,247,0.2439904001334186,0.12290878051497318,0.3505834857989937,0.2820829750869543,0.17175632099219323,0.18694505098984804,1.8279950584241835,0.21126303116046893,0,0.0014929999597370625,0.04161950061097741
B2_AR,AMAT,10,242,0.2449203371743311,0.12920787170579226,0.3594549647811145,0.2903371986213252,0.09535655539507723,0.09536048757928983,1.5801546243608908,0.2167508374446568,0,0.0016770000220276415,0.04423759877681732
B2_AR,AMAT,22,230,0.2403120142118776,0.13859219965649847,0.37227973307245515,0.30166015313804034,0.05082458145682847,0.06926206892143877,1.7042914592900729,0.2209642682416812,0,0.0016772999661043286,0.031831988017074764
B2_AR,AMD,1,251,0.25495962119516163,0.10424946315385011,0.32287685447218123,0.2572211978884201,0.31082136510203967,0.2912389719508604,1.1635697743724172,0.12692819052018472,0,0.0011890000314451754,0.03132480476051569
B2_AR,AMD,5,247,0.31116278088585336,0.1252220840968765,0.3538673255570179,0.27829550446629664,0.023591921949422938,0.02091465949326799,1.4734135872678065,0.14435826700696197,0,0.001413299993146211,0.03959411394316703
B2_AR,AMD,10,242,0.3042856636378186,0.1280098121297864,0.3577845890054327,0.28582495412086145,-0.030150277657652512,-0.024834073302020296,1.3468203575483613,0.15675716921651542,0,0.0021917999838478863,0.04554440872743726
B2_AR,AMD,22,230,0.27024281552198853,0.12381031100238857,0.3518668938709474,0.2842674637825404,-0.05555786645861341,-0.06062212525858886,1.1110007139119036,0.15841787337160576,0,0.0016860999749042094,0.04887499730102718
B2_AR,AVGO,1,251,0.33374956555565666,0.13091883553308598,0.3618270796016876,0.28748185930499465,0.3926848001482763,0.3198468750947322,4.6013498993002555,0.22923690432109503,0,0.0011541999992914498,0.024999600427690893
B2_AR,AVGO,5,247,0.5412890467819039,0.15579967453578236,0.39471467484219835,0.3108427646976693,0.15395091525072935,0.15842017414369808,12.512942297035204,0.24323958826937356,0,0.0013572999741882086,0.03272750478936359
B2_AR,AVGO,10,242,0.5921681516501537,0.1648643424163079,0.40603490295331496,0.3101042919764428,0.012810409158024734,0.04099300730688759,13.785446134868861,0.2567458300428983,0,0.0021166999940760434,0.04477000283077359
B2_AR,AVGO,22,230,0.5045375442484785,0.1588415863209502,0.3985493524282158,0.309663289044896,0.028654895771147597,0.04575332616295498,10.080054835914085,0.248050473936007,0,0.001229999994393438,0.035143999848514795
B2_AR,INTC,1,251,0.3039565232552331,0.1281022372657486,0.3579137288031134,0.2800267174047712,0.28828522162416864,0.28940592006365096,1.5496133206099962,0.2247834217284473,0,0.001243300037458539,0.021234600979369134
B2_AR,INTC,5,247,0.4256890670796672,0.15675229851479705,0.3959195606620075,0.3132198534861902,-0.030830561178979622,-0.018931774419373146,3.033825871016683,0.2570595323423601,0,0.0011211999808438122,0.027071190474089235
B2_AR,INTC,10,242,0.45113811034577384,0.15689278459533423,0.3960969383816722,0.3087537406814788,-0.045803585764430596,-0.04400439112518096,3.5224003147606653,0.24819126864434918,0,0.001973100006580353,0.04048659838736057
B2_AR,INTC,22,230,0.4198320996843568,0.14536359836606347,0.38126578441562714,0.2954426222333681,0.007724025490560504,0.021518982972152895,3.361198545196367,0.24362120663525016,0,0.001303000026382506,0.03420100605580956
B2_AR,KLAC,1,251,0.2720888107327586,0.12689695219555364,0.3562259847281689,0.2857056679981439,0.2803331696070449,0.2654586205899497,2.0521965464473104,0.2359077591938449,0,0.0010510000283829868,0.027936293568927795
B2_AR,KLAC,5,247,0.2677013410647234,0.135606289180664,0.36824759222656706,0.2923122586284731,0.1822705013676597,0.19637649652104225,1.9487517497950044,0.2329688946033539,0,0.0011495000217109919,0.03322149417363107
B2_AR,KLAC,10,242,0.2704444936883848,0.14055777727356783,0.37491035898407477,0.29590092553367525,0.14396015397423254,0.15094767778849835,1.957276724592953,0.23485731582119984,0,0.0024393999483436346,0.047698196955025196
B2_AR,KLAC,22,230,0.2644811599852399,0.1465811564070345,0.38285918613379843,0.3051621605527052,0.11294313226523647,0.13332093889386332,1.9841034705704288,0.22626733086112463,0,0.0028868999797850847,0.039031002670526505
B2_AR,LRCX,1,251,0.2307661621384583,0.11097798329183184,0.3331335817533739,0.2635801417292384,0.3028925823367411,0.30941847557743457,1.6981085974808423,0.200942128899792,0,0.0009796000085771084,0.03754959371872246
B2_AR,LRCX,5,247,0.2325962814603282,0.11473227727595439,0.33872153352858214,0.275233438000444,0.2523836692507467,0.2675158829894151,1.6358381223015084,0.2036036814429485,0,0.0011634000111371279,0.03312269342131913
B2_AR,LRCX,10,242,0.22077662481826993,0.11823401615163422,0.34385173571124256,0.280381923037836,0.22366647132160494,0.24829670322727415,1.4342477751677403,0.2003821517031528,0,0.002632100018672645,0.05745080078486353
B2_AR,LRCX,22,230,0.21688184818705483,0.13137854102499505,0.36246177870914204,0.2989679944069184,0.20756226748095508,0.18764754355884816,1.0217461374209382,0.20624487520158497,0,0.0017062000115402043,0.03093500796239823
B2_AR,MU,1,251,0.24103941181883295,0.1195817458689119,0.34580593671727483,0.2779351485267336,0.33518222172772033,0.3271859124787946,1.481449513543729,0.20020286525998862,0,0.00092149997362867,0.021259701170492917
B2_AR,MU,5,247,0.24478241517589125,0.13050693661607485,0.3612574381463652,0.28556200215313776,0.2206578168362723,0.22640725114821036,1.6094298953494615,0.1991038384336797,0,0.001132400007918477,0.029195392271503806
B2_AR,MU,10,242,0.26388770796298766,0.1435040938319295,0.37881934194537836,0.30517482158235754,0.07506243958450598,0.05284548887260403,1.7010915530266855,0.21475253377277578,0,0.0015009999624453485,0.04372939490713179
B2_AR,MU,22,230,0.2521713975130828,0.15184292911883354,0.3896702825708339,0.31205460401925844,0.12296671459617625,0.11664318462822854,1.2658303151986063,0.215643148227118,0,0.0024511999799869955,0.04551699850708246
B2_AR,NVDA,1,251,0.2356173415716573,0.10031598154619183,0.3167269826620268,0.2501253348697014,0.4641777813507473,0.4598084117395634,1.0875537421906638,0.13717135750012766,0,0.0008923999848775566,0.02105889964150265
B2_AR,NVDA,5,247,0.25637096919326613,0.11833633505707873,0.3440004870012232,0.2751414849483345,0.3111782628423161,0.29834417151277015,1.1056241493691796,0.15645883034904107,0,0.0012670999858528376,0.039594099565874785
B2_AR,NVDA,10,242,0.27727388064759095,0.1320229136476437,0.36334957499306875,0.2895584886400578,0.1697477383089777,0.15695774452327868,1.1599025384165578,0.18010375318678726,0,0.0024000999983400106,0.04658500256482512
B2_AR,NVDA,22,230,0.2438109644889592,0.13111729147186343,0.36210121716429433,0.2922005775962596,0.13881600800799282,0.1354035006568893,1.0236618916863827,0.1775972065193666,0,0.0021013999939896166,0.048162005259655416
B2_AR,QCOM,1,251,0.21886533354129692,0.10803292147182197,0.3286836191108738,0.26520287808219795,0.3997896549449739,0.3800298653522497,5.485545404309439,0.19779861325822437,0,0.0011864000116474926,0.028764599876012653
B2_AR,QCOM,5,247,0.23651619702971172,0.12313715782534292,0.35090904494661135,0.27741766252773536,0.27785255089283023,0.25514634328949193,5.423215274596542,0.21543205443797656,0,0.0014527000021189451,0.034604690328706056
B2_AR,QCOM,10,242,0.23344175760937091,0.1305198215009089,0.3612752710896622,0.28323737010549127,0.22931603533725725,0.22056301404285672,5.658132588560173,0.2109326670245128,0,0.0027540000155568123,0.07910979667212814
B2_AR,QCOM,22,230,0.22517311350336655,0.1421773021071193,0.3770640557082036,0.2952528053067025,0.08536886662879661,0.07176577862328175,,0.22517311350336655,0,0.002489199978299439,0.04399900033604354
B2_AR,TXN,1,251,0.22705884296453005,0.10901488554002113,0.33017402311511596,0.264830780885526,0.18623291509734824,0.1313472172502304,3.5938535770535074,0.21359166402817414,0,0.0009190000128000975,0.020406294672284275
B2_AR,TXN,5,247,0.22350419155796317,0.11013094717477787,0.33185983061343516,0.2628239149035716,0.14644113502272887,0.15265706599920933,4.326453614557071,0.2068255353669099,0,0.0011808000272139907,0.0280344978091307
B2_AR,TXN,10,242,0.21793672839845138,0.11013087791766196,0.33185972626647836,0.2618677958013468,0.11377998440545173,0.09209974272219781,6.727460725412258,0.19092625538179658,0,0.0016971000004559755,0.04053499875590205
B2_AR,TXN,22,230,0.1858826097317897,0.10982159773692962,0.33139341836694586,0.2596892926427337,0.08913008444722463,0.10213182719540767,,0.1858826097317897,0,0.0021269999560900033,0.03346500045154244
B3_HAR_OLS,ADI,1,251,0.2630675782337197,0.11896752427961946,0.34491669179617773,0.2679933067026399,0.14822859340575964,0.08255032118260765,4.7195302962962735,0.2272726969641409,0,0.0008434000192210078,0.021184400597121567
B3_HAR_OLS,ADI,5,247,0.23774106782656063,0.11172828404332241,0.33425781074392624,0.2645250350488867,0.2273816182659973,0.16743553234512923,5.639433739354764,0.19364561744673855,0,0.0018065000185742974,0.02647840033750981
B3_HAR_OLS,ADI,10,242,0.25452971668520985,0.1260106729079763,0.35497982042360704,0.27506854723435625,0.03995221728386719,0.06246684535433254,8.878269530481042,0.2187465639308703,0,0.0014557000249624252,0.0391314021544531
B3_HAR_OLS,ADI,22,230,0.2487395983483018,0.13225777893164153,0.36367262604111616,0.28126562773186203,-0.029676031448339565,-0.05082328504278819,8.831627939430772,0.21125973659684993,0,0.0015147000085562468,0.03123399685136974
B3_HAR_OLS,AMAT,1,251,0.26364587119474797,0.12309818876975245,0.3508535146891826,0.283126617659912,0.19392256717662248,0.16652124809192037,2.4255347725229495,0.21970503986693898,0,0.0010055999737232924,0.02449759660521522
B3_HAR_OLS,AMAT,5,247,0.24778684878204602,0.12343705444011675,0.35133609897093804,0.2830444051720373,0.15942887430883507,0.16152111971709027,1.8792790894049642,0.2140783314138039,0,0.000983599980827421,0.03653129062149674
B3_HAR_OLS,AMAT,10,242,0.24294566184561786,0.1286332110793933,0.3586547240444398,0.2895824246007229,0.09465856045385893,0.09431986035795352,1.688398132982816,0.2124508839735251,0,0.0016151000163517892,0.041938595357351005
B3_HAR_OLS,AMAT,22,230,0.23588439557742766,0.13546821910669013,0.3680600754043966,0.2991386070545097,0.09767815212866715,0.09656271282414261,1.5371852830015245,0.2186865864925277,0,0.0012801999691873789,0.03932999155949801
B3_HAR_OLS,AMD,1,251,0.23768686436543598,0.09940712148386674,0.3152889491940159,0.25196575018445266,0.3530906490739444,0.32991481108629006,1.0500264303388054,0.12322083461464305,0,0.0009071999811567366,0.026756599196232855
B3_HAR_OLS,AMD,5,247,0.30111144129534345,0.12061339675605261,0.3472943949390094,0.274167751085762,0.04135638415062178,0.03612951982332218,1.4291603734070046,0.13921552974228105,0,0.0013977999915368855,0.032653404225129634
B3_HAR_OLS,AMD,10,242,0.29777496805049314,0.1278979157441538,0.35762818085849135,0.28706569499626033,-0.07377705731295706,-0.08957099317254699,1.2846195025117961,0.15812715657012003,0,0.0016018999740481377,0.04905340727418661
B3_HAR_OLS,AMD,22,230,0.26870357184300614,0.12351652781931859,0.3514491824137859,0.28232973048041216,-0.11695810278390283,-0.1300996996241295,1.11085274023861,0.15669358392831995,0,0.0015014999662525952,0.029853999731130898
B3_HAR_OLS,AVGO,1,251,0.3491593305777159,0.13248886447963115,0.3639901983290637,0.2885624041864372,0.37838236753212184,0.3228353074407603,5.342575604460483,0.22687158509487262,0,0.0008465999853797257,0.019854105077683926
B3_HAR_OLS,AVGO,5,247,0.5269876606264259,0.15444914462125325,0.39300018399646236,0.30826772927936547,0.15903285325377248,0.16269810933123346,12.053971009307027,0.24000882207006233,0,0.0010871000122278929,0.026972404099069536
B3_HAR_OLS,AVGO,10,242,0.5947930360881005,0.16673828653601505,0.4083359971102414,0.31291502628772216,-0.011394060638281404,0.007074402306155222,13.71257157580783,0.26129019185793784,0,0.0017101999837905169,0.04941639595199376
B3_HAR_OLS,AVGO,22,230,0.5282413601115212,0.15907727446503458,0.39884492533443944,0.310374462644973,-0.010991143437491985,0.0228381524526394,11.032729937130243,0.24687113036994837,0,0.0013092000153847039,0.038570999167859554
B3_HAR_OLS,INTC,1,251,0.28736901814085586,0.1224096157667297,0.3498708558407369,0.27405322765033574,0.3316655549048847,0.3276184687096823,1.488073461521523,0.21105305775649147,0,0.0008187000057660043,0.028689299302641302
B3_HAR_OLS,INTC,5,247,0.4101468724663463,0.1525118133044438,0.3905276088888515,0.30798045438683963,-0.007217164681384752,0.006774060996420286,2.8543971707228892,0.2521134480101044,0,0.00179870001738891,0.033048607234377414
B3_HAR_OLS,INTC,10,242,0.45310194985249824,0.1575418186596732,0.3969153797217654,0.30668502226905153,-0.11769438330232689,-0.11020064461326103,3.5258902194354715,0.25005426684040755,0,0.0014962999848648906,0.03750998980831355
B3_HAR_OLS,INTC,22,230,0.41106113338399786,0.14571650984557064,0.3817283194178428,0.29376629615318983,-0.0718439285767652,-0.06469897538762882,3.2014749748585554,0.2438934838947386,0,0.0016766000189818442,0.04029599891509861
B3_HAR_OLS,KLAC,1,251,0.27418438136994344,0.12606109461655968,0.3550508338485627,0.28527805519546157,0.28127398454487096,0.26459654361049617,2.0437849663680017,0.23821688980494227,0,0.0008536000386811793,0.020833012531511486
B3_HAR_OLS,KLAC,5,247,0.2687653931558163,0.13451175270664575,0.36675843917576834,0.2908821345205107,0.18117076823919676,0.18671212171911944,2.0126116575170783,0.23273551166074893,0,0.0011525999871082604,0.027219391602557153
B3_HAR_OLS,KLAC,10,242,0.26977645102267805,0.1399757159636224,0.3741332863614549,0.2955398910636106,0.14185488655025058,0.14751970439095563,1.9751614213653972,0.2337978651504688,0,0.0018701000371947885,0.053772400948219
B3_HAR_OLS,KLAC,22,230,0.26325676101377266,0.1460696434328827,0.3821905852227167,0.3064331234885054,0.10177390174860802,0.11298896188041359,1.8512835986964444,0.22796727573193556,0,0.0014090000186115503,0.047886003158055246
B3_HAR_OLS,LRCX,1,251,0.22644619231745564,0.11021662972230944,0.33198889999864367,0.26038129586953596,0.30738157459264204,0.32945569438508454,1.5202037210088308,0.20015030758795613,0,0.0011467000003904104,0.028990501596126705
B3_HAR_OLS,LRCX,5,247,0.2328868888577108,0.11500954566404946,0.3391305731780157,0.27580652998145644,0.24620649640317877,0.24697550300808707,1.6266075264424849,0.20409100791587662,0,0.0019980999641120434,0.05278389935847372
B3_HAR_OLS,LRCX,10,242,0.21486801438472491,0.11728278577332639,0.3424657439413852,0.27767604175632077,0.22997880256120812,0.2569460173574209,1.342485879912617,0.1959164536195503,0,0.0015229000127874315,0.04024461063090712
B3_HAR_OLS,LRCX,22,230,0.21779879191185547,0.1308254203079581,0.3616979683492266,0.2984760461361761,0.19514707246961,0.18576421337343585,1.017148825763492,0.20723469454817744,0,0.0016917000175453722,0.03965200739912689
B3_HAR_OLS,MU,1,251,0.24352566888034682,0.1215694611732066,0.3486681246876557,0.28037068062266257,0.30872863885070384,0.3028606954560019,1.4492334418430346,0.20383158581984676,0,0.0010847999947145581,0.026430311321746558
B3_HAR_OLS,MU,5,247,0.2368561172731981,0.12718137933380091,0.3566249841693665,0.28247589675658785,0.25272047439728573,0.25979736347988663,1.495892701840671,0.19471263327093957,0,0.0010585999698378146,0.025860895635560155
B3_HAR_OLS,MU,10,242,0.2610305720014569,0.14288159282295995,0.3779968158899754,0.30109247452617016,0.07112169362066309,0.056588867998338586,1.6870891622627475,0.21227643216346403,0,0.001270200009457767,0.04026881081517786
B3_HAR_OLS,MU,22,230,0.2518090891959138,0.15140654342405016,0.3891099374521938,0.31117452539016216,0.12021140791966321,0.11588916214760654,1.2632736321412277,0.21535991647716382,0,0.0012668999843299389,0.047702001756988466
B3_HAR_OLS,NVDA,1,251,0.22436002765536128,0.09725126509544821,0.3118513509597934,0.24881688136466712,0.48353282997175984,0.47360581719901224,1.0105046970208498,0.1335166436397937,0,0.0010676999809220433,0.03328259044792503
B3_HAR_OLS,NVDA,5,247,0.24916807127399476,0.11520983344932749,0.33942574069938697,0.26940891800398475,0.3367362878238096,0.33621448923630687,1.0836224107518855,0.15099697251188995,0,0.001117000007070601,0.03976700088242069
B3_HAR_OLS,NVDA,10,242,0.27254861363793426,0.1299155989189582,0.36043806530242917,0.2860253156832249,0.18484504679619604,0.17522037123067655,1.14731236994842,0.17624434688815602,0,0.001997400016989559,0.05534539883956313
B3_HAR_OLS,NVDA,22,230,0.25411351714842784,0.13306917587551412,0.36478647984199486,0.2947937768478497,0.09174789167929899,0.05994108860342929,1.1402802067835482,0.17887294916054022,0,0.0015611000126227736,0.03969800774939358
B3_HAR_OLS,QCOM,1,251,0.21891241481294266,0.10704808988855384,0.32718204395802936,0.26415957640820187,0.4042213144619902,0.3716921542842429,5.384150997822072,0.19825146048090614,0,0.0011690999963320792,0.029116002551745623
B3_HAR_OLS,QCOM,5,247,0.23627090455568225,0.12242830796959593,0.34989756782463627,0.27682222452237054,0.2796644688470009,0.23817674911994888,4.857154572440534,0.21748682460493082,0,0.001527200045529753,0.034851706586778164
B3_HAR_OLS,QCOM,10,242,0.2331155158376591,0.13063570000109015,0.3614356097579348,0.2804165621484858,0.22604593866376227,0.19110030875919695,5.7458548714197555,0.21024107867756742,0,0.0015479999710805714,0.045060390955768526
B3_HAR_OLS,QCOM,22,230,0.223244477998885,0.14036057110122044,0.3746472622363874,0.2923897978199955,0.1079822619077059,0.10363937900918234,,0.223244477998885,0,0.0018276000046171248,0.0443210027879104
B3_HAR_OLS,TXN,1,251,0.21766523603081195,0.10507406926494887,0.32415130612871035,0.26166046332192133,0.22457247992844853,0.16302399302166376,3.3833514413313255,0.20500249120960987,0,0.0011323000071570277,0.02873949968488887
B3_HAR_OLS,TXN,5,247,0.2231108526172586,0.10999545366160506,0.33165562510170854,0.2632871659062307,0.14798582868988625,0.1187270355630749,3.737130154625282,0.2088262213082829,0,0.0013048999826423824,0.030133999418467283
B3_HAR_OLS,TXN,10,242,0.2165930053324465,0.11021249434942358,0.33198267176077667,0.26204218882323943,0.11227206051850672,0.09174242401804492,6.274634783053457,0.19145590252032607,0,0.001491100003477186,0.037171201314777136
B3_HAR_OLS,TXN,22,230,0.18539413151042256,0.10916794770905014,0.33040573195550066,0.2586078458543282,0.09414339522480908,0.11944771428636936,,0.18539413151042256,0,0.0015087000210769475,0.03905398945789784
B4_HAR_Ridge,ADI,1,251,0.2610240389079126,0.11910036789739258,0.3451092115510575,0.2680777649784278,0.1435317581641498,0.0780191049464132,4.623975016852679,0.2259802559525329,0,0.0010071000433526933,0.02414619392948225
B4_HAR_Ridge,ADI,5,247,0.23526373126084435,0.11177815066236205,0.33433239547247295,0.26463107949145037,0.2329109191630911,0.1778078528621896,5.5194246849722415,0.19212772347544518,0,0.0015795000363141298,0.03213470027549192
B4_HAR_Ridge,ADI,10,242,0.25312182436608044,0.12560629672150797,0.35440978643585447,0.2743471063110198,0.039335816385505255,0.05021597883528924,9.19639174617377,0.21601282054115223,0,0.0015194000443443656,0.03165360155981034
B4_HAR_Ridge,ADI,22,230,0.24858760687768375,0.13261489459314574,0.364163280127398,0.2817154440068244,-0.02764265714442317,-0.05243143894030837,8.762511050943218,0.21140890188176434,0,0.0017432000022381544,0.04857600841205567
B4_HAR_Ridge,AMAT,1,251,0.26364559950675515,0.12309819718409513,0.3508535266804299,0.28312664487301814,0.19392240788857562,0.16652124809192037,2.4255297226390726,0.2197048652967487,0,0.0009448999771848321,0.03621931280940771
B4_HAR_Ridge,AMAT,5,247,0.247786418920498,0.12343699636956872,0.35133601632848394,0.2830443301951057,0.15942960731932068,0.16152111971709027,1.8792731104253058,0.21407801620345654,0,0.001498800003901124,0.035444511100649834
B4_HAR_Ridge,AMAT,10,242,0.2428298218183084,0.1286892712930763,0.3587328689889962,0.28963454114594017,0.09461296052683901,0.09355780624957055,1.6851996930593411,0.21240007769929925,0,0.0014334999723359942,0.05974980420432985
B4_HAR_Ridge,AMAT,22,230,0.23588446859862305,0.13546837940984505,0.3680602931719816,0.2991388076462287,0.09767703949243281,0.09656271282414261,1.5371805395799942,0.2186867231671512,0,0.0018692999728955328,0.03553498943801969
B4_HAR_Ridge,AMD,1,251,0.23768658584454425,0.09940708518411064,0.31528889162815527,0.25196574522294146,0.3530908541398756,0.32991481108629006,1.0500245285089653,0.1232207848327395,0,0.0012890000361949205,0.028287696244660765
B4_HAR_Ridge,AMD,5,247,0.30111052584358955,0.12061321524527172,0.3472941336177041,0.27416759582531497,0.04135770524450079,0.03612951982332218,1.4291543626657852,0.13921534555892257,0,0.0016235000221058726,0.03845789091428742
B4_HAR_Ridge,AMD,10,242,0.29777471501066877,0.12789788297827392,0.35762813504850804,0.2870656271510833,-0.07377717143622126,-0.08957099317254699,1.2846178167502922,0.15812710627392962,0,0.001964899944141507,0.03240380727220327
B4_HAR_Ridge,AMD,22,230,0.26870376227440274,0.12351658309906637,0.3514492610592123,0.2823298030992952,-0.11695948102344124,-0.1300996996241295,1.1108539925654322,0.15669363312239395,0,0.0016253000358119607,0.03656999731902033
B4_HAR_Ridge,AVGO,1,251,0.3494692354971333,0.1315207204815712,0.36265785594906286,0.28777907617153653,0.3798121249489226,0.32398917015841794,5.421030262857784,0.22526774094952554,0,0.0009654000168666244,0.022414309962186962
B4_HAR_Ridge,AVGO,5,247,0.5208722578866385,0.15271877707401604,0.3907924987432794,0.3067410566696489,0.16149841894945716,0.16630831394268017,11.921658430352027,0.237035257742272,0,0.0012792000197805464,0.02842970081837848
B4_HAR_Ridge,AVGO,10,242,0.5940125119830107,0.16650793524804133,0.40805383866352896,0.31272654522156,-0.01072100149252355,0.007770411725145,13.694809510821651,0.2609414018430454,0,0.0013147999998182058,0.028338204487226903
B4_HAR_Ridge,AVGO,22,230,0.5241861132168509,0.15907908109383082,0.3988471901541126,0.3104215822238694,-0.013487068454488143,0.023948720553594764,10.877393063541126,0.24686806990459353,0,0.001590500003658235,0.035488989087753
B4_HAR_Ridge,INTC,1,251,0.2891766063460478,0.12193650695608883,0.3491940820748382,0.2737009223550064,0.3347703710933364,0.33168753276234936,1.5342835502728418,0.2100384531303618,0,0.0009721999522298574,0.022840998601168394
B4_HAR_Ridge,INTC,5,247,0.4086639939667682,0.15072042452687237,0.3882272846244483,0.30519257634697905,0.0029305615528293118,0.019104181896681675,2.8758256601120067,0.2491492310694467,0,0.0015375000075437129,0.0329004061059095
B4_HAR_Ridge,INTC,10,242,0.45611020673297265,0.1577764959430513,0.3972108960527786,0.30666645589047514,-0.12310622650129653,-0.11840415709000367,3.542795788015856,0.2521441991592139,0,0.0017386999679729342,0.035574003239162266
B4_HAR_Ridge,INTC,22,230,0.4110620505799953,0.14571672075687742,0.38172859567613926,0.2937665186699058,-0.07184518616307536,-0.06469897538762882,3.2014795269933236,0.2438941833294273,0,0.0017225000192411244,0.03585700527764857
B4_HAR_Ridge,KLAC,1,251,0.2741841312087751,0.12606111182533303,0.3550508580828006,0.285278079382433,0.28127382416591884,0.26459654361049617,2.0437800383599907,0.23821673472196186,0,0.0014010999584570527,0.0285386981558986
B4_HAR_Ridge,KLAC,5,247,0.2687650797654612,0.13451168221256835,0.36675834307152216,0.29088224360108533,0.18117160263856608,0.18671212171911944,2.0126096039161867,0.23273523422515696,0,0.001706700015347451,0.029763510974589735
B4_HAR_Ridge,KLAC,10,242,0.2697763322339506,0.1399758209631314,0.3741334266850951,0.29554005291347885,0.14185449916874382,0.14751970439095563,1.9751543878201752,0.23379789224268002,0,0.0016688000177964568,0.03784880647435784
B4_HAR_Ridge,KLAC,22,230,0.2632568508798708,0.1460697530145542,0.3821907285826727,0.3064332817384542,0.10177339513305944,0.11298896188041359,1.8512858541433084,0.2279673174740166,0,0.0018118000007234514,0.033395999926142395
B4_HAR_Ridge,LRCX,1,251,0.22620615319418594,0.11021633178915992,0.33198845128883614,0.26045459728036413,0.3072578194121494,0.329639720500857,1.5170217265898382,0.19997006430403041,0,0.0013274000375531614,0.023669304908253253
B4_HAR_Ridge,LRCX,5,247,0.23288652534247387,0.11500950833829951,0.33913051814647927,0.27580653946524325,0.24620701070456663,0.24697550300808707,1.6266019974186818,0.20409075112602332,0,0.0015392000204883516,0.04357080109184608
B4_HAR_Ridge,LRCX,10,242,0.2139588699765322,0.11778130913462269,0.3431928162631361,0.27883688293888736,0.2309282696364189,0.25653662495586177,1.3116280450023883,0.19551064854752626,0,0.0018621999770402908,0.03642100968863815
B4_HAR_Ridge,LRCX,22,230,0.2177989148931956,0.13082558338214273,0.3616981937778273,0.29847619929021957,0.1951457204630498,0.18576421337343585,1.0171462053371303,0.20723485378600703,0,0.0017194999963976443,0.035512002650648355
B4_HAR_Ridge,MU,1,251,0.2432033829443641,0.1216072873414731,0.34872236426916053,0.28042003109848046,0.3087302705251184,0.3031608287705916,1.4445284885618188,0.20365358522856314,0,0.0011549000046215951,0.023568904143758118
B4_HAR_Ridge,MU,5,247,0.2368560680186682,0.12718151377902254,0.35662517266595545,0.28247599463687634,0.25271928564998075,0.25979736347988663,1.4958939898781516,0.19471253925349719,0,0.0015956999850459397,0.032678090035915375
B4_HAR_Ridge,MU,10,242,0.2602810627849054,0.14368940631925192,0.3790638552002181,0.3022231332866612,0.06345630428330638,0.050702000011080155,1.6602265006361485,0.2124196802942647,0,0.0017164000310003757,0.0327910102205351
B4_HAR_Ridge,MU,22,230,0.2518091358741107,0.15140668151467696,0.38911011489638375,0.31117466610729905,0.12021049896601257,0.11588916214760654,1.2632708547977185,0.2153600649219086,0,0.001679199980571866,0.04639099177438766
B4_HAR_Ridge,NVDA,1,251,0.22435988455313224,0.09725126388637663,0.31185134902125505,0.2488168884517715,0.48353273703113214,0.47360581719901224,1.0105036851108329,0.13351660093313125,0,0.0014374000020325184,0.02755980531219393
B4_HAR_Ridge,NVDA,5,247,0.24916784982193116,0.11520979725228324,0.3394256873783763,0.2694088851764171,0.3367366091852024,0.33621448923630687,1.0836208580254163,0.1509969076803447,0,0.0016003000200726092,0.03250518871936947
B4_HAR_Ridge,NVDA,10,242,0.2709269438266709,0.1294433283892626,0.35978233473763355,0.2859938110771132,0.18522827356772897,0.17575253901636398,1.1449411458479868,0.1747051968151499,0,0.001279400021303445,0.03533200139645487
B4_HAR_Ridge,NVDA,22,230,0.25411320754974287,0.13306910330224975,0.3647863803683599,0.2947936831686631,0.09174900458715057,0.05994108860342929,1.1402774094420751,0.17887285078529952,0,0.0017951000481843948,0.030061001307331026
B4_HAR_Ridge,QCOM,1,251,0.21762237098520465,0.10758610462703104,0.32800320825722273,0.26485273187738617,0.4021870837785445,0.3704699932143399,5.349036833245554,0.1970967131361632,0,0.0010420000180602074,0.02371950529050082
B4_HAR_Ridge,QCOM,5,247,0.23625259309747018,0.12242798477270421,0.349897105979321,0.2768282938583131,0.27972167046613244,0.23805610370280222,4.858694653800011,0.21746217821656555,0,0.0014147000038065016,0.039050709805451334
B4_HAR_Ridge,QCOM,10,242,0.23301851935864834,0.1307337473001146,0.36157122023207905,0.2805041272932315,0.22593489805360029,0.19178954436388998,5.727545225892024,0.21021965335643517,0,0.0018745999550446868,0.042446799227036536
B4_HAR_Ridge,QCOM,22,230,0.22324456183535119,0.14036070927157268,0.37464744663693184,0.2923899285667729,0.10798214416654478,0.10363937900918234,,0.22324456183535119,0,0.0013477999600581825,0.03314299799967557
B4_HAR_Ridge,TXN,1,251,0.21737090065610018,0.10500337494585182,0.3240422425330559,0.2615245489774224,0.22497354127291644,0.162430556227709,3.375956695932219,0.20473655747499572,0,0.0010701999999582767,0.02371949068037793
B4_HAR_Ridge,TXN,5,247,0.22290230316287396,0.10991923633657691,0.3315407008748351,0.2631824288157508,0.14874916163473625,0.1187995024473016,3.7608740233677613,0.20852030430025242,0,0.00248180003836751,0.033172108174767345
B4_HAR_Ridge,TXN,10,242,0.2146003135198912,0.10973978623075202,0.3312699597469593,0.260745959455769,0.11664574306516323,0.09323816688744326,6.032635060103467,0.1904590905050216,0,0.0016968999989330769,0.03675979818217456
B4_HAR_Ridge,TXN,22,230,0.1853941531010554,0.10916798994415394,0.3304057958694943,0.258607869241038,0.09414294579908608,0.11944771428636936,,0.1853941531010554,0,0.0018170999828726053,0.04162999568507075
B5_GARCH_Family,ADI,1,251,0.40317807370166764,0.30533731221886684,0.5525733546044966,0.4672173058613389,,,1.862381334432951,0.39145756558334405,0,0.02193950000219047,0.2912353114807047
B5_GARCH_Family,ADI,5,247,0.4191564543758975,0.3204655414963925,0.5660967598356244,0.48027313417454864,,,1.7629249140778447,0.40818691592935097,0,0.02738129999488592,0.3820102046011016
B5_GARCH_Family,ADI,10,242,0.44028097803633204,0.3396493230443671,0.582794408899371,0.4982361565459218,,,2.751508813143994,0.43069082104418405,0,0.038456100039184093,0.5056589907035232
B5_GARCH_Family,ADI,22,230,0.47471091166649976,0.37041716752570414,0.6086190660221746,0.5274385714496518,,,2.5129552108398485,0.46581028153910514,0,0.034196199965663254,0.30456600303296
B5_GARCH_Family,AMAT,1,251,0.5784837898100131,0.4754401520650786,0.6895216835351,0.6076412421681994,,,0.10434365184962897,0.5881207844840047,0,0.019910499977413565,0.32512030651560053
B5_GARCH_Family,AMAT,5,247,0.5915113172967491,0.4885207831022152,0.6989426178894911,0.6167536161204862,,,0.09361304208340906,0.6017984717433057,0,0.025767299986910075,0.30460040463367477
B5_GARCH_Family,AMAT,10,242,0.6063323206005965,0.5027255291921942,0.7090314021199584,0.6283532546000092,,,0.0840692750108261,0.6173505283134609,0,0.023668200010433793,0.2853422034531832
B5_GARCH_Family,AMAT,22,230,0.615915502380961,0.5121986940385227,0.715680581012593,0.6347009376166675,,,0.10978379938619269,0.6226044676187774,0,0.03252120001707226,0.36779300251509994
B5_GARCH_Family,AMD,1,251,0.2928267061986559,0.1964631667609443,0.44324165729423975,0.3644753948768184,,,0.35434343066887736,0.28415844047785194,0,0.027943399967625737,0.2103882094961591
B5_GARCH_Family,AMD,5,247,0.3089955478058168,0.21283750218960426,0.4613431501492184,0.3803611567144741,,,0.30584975397006603,0.3094470274766884,0,0.02393540000775829,0.2409978947835043
B5_GARCH_Family,AMD,10,242,0.3302676004903587,0.23298119659039146,0.48268125775753035,0.40023960576038253,,,0.27287516207551316,0.33838917196415763,0,0.030779900029301643,0.286479598027654
B5_GARCH_Family,AMD,22,230,0.3719231092047304,0.27172947887062815,0.5212767776053602,0.4383407580618299,,,0.22435104033230896,0.3915509213207667,0,0.028964600001927465,0.30755601241253316
B5_GARCH_Family,AVGO,1,251,0.511819609514199,0.3392334188986942,0.5824374806781362,0.4993855625550752,,,3.9269241956538923,0.42818439515975765,0,0.02314419997856021,0.2063973083277233
B5_GARCH_Family,AVGO,5,247,0.5159584756372815,0.34396084908505997,0.5864817551169516,0.5050205303179129,,,3.7795993108422414,0.43470600671101695,0,0.025530499988235533,0.5352242923108861
B5_GARCH_Family,AVGO,10,242,0.49567710416500743,0.317385846103074,0.5633700791691675,0.48016029032799595,,,4.120322574721897,0.40352510067627295,0,0.04156480001984164,0.2715239968383685
B5_GARCH_Family,AVGO,22,230,0.532789574589497,0.358226879240201,0.5985205754526748,0.5151590305169543,,,3.637977343046179,0.4496149022201217,0,0.04947700002230704,0.31493898830376565
B5_GARCH_Family,INTC,1,251,0.3680635840328934,0.27195611950576754,0.521494122215934,0.4353228476556949,,,0.459371125208733,0.36226013861917483,0,0.031209099979605526,0.21096549928188324
B5_GARCH_Family,INTC,5,247,0.32484688951437557,0.22815542403490205,0.47765617763711804,0.39656791350045784,,,0.6067582303730821,0.3066198631657523,0,0.020313200016971678,0.29862300225067884
B5_GARCH_Family,INTC,10,242,0.3346243246899095,0.23815469989699375,0.48801096288607465,0.40562627711749577,,,0.5603331509736961,0.3197096445389985,0,0.02314569998998195,0.31261559983249754
B5_GARCH_Family,INTC,22,230,0.34594768487183386,0.24917698723247964,0.4991763087652294,0.4155467997124975,,,0.5647807426455478,0.33283787035082807,0,0.02329679997637868,0.3003569977590814
B5_GARCH_Family,KLAC,1,251,0.4142307547163266,0.32193458873862696,0.5673927993362508,0.4788145469422977,,,0.3933383740082344,0.4146553966006375,0,0.025142099999357015,0.20674869639333338
B5_GARCH_Family,KLAC,5,247,0.4521101351171837,0.3583638022347012,0.5986349490588577,0.50917242118102,,,0.3108499395381677,0.45502873419939477,0,0.028022600046824664,0.31949448864907026
B5_GARCH_Family,KLAC,10,242,0.49368171667461214,0.39787006094595495,0.630769419792966,0.5416725494053933,,,0.2477896737850161,0.49886931251616484,0,0.032400500029325485,0.3069043986033648
B5_GARCH_Family,KLAC,22,230,0.5566860080665595,0.4564044070389725,0.6755770918547879,0.5909569747169,,,0.1765276738469892,0.5651339710492167,0,0.030302300001494586,0.2858210075646639
B5_GARCH_Family,LRCX,1,251,0.5767141653003349,0.4725331520532039,0.6874104683907599,0.6073288067376824,,,0.06176902573057754,0.5871805299257365,0,0.01489599997876212,0.20067449397174641
B5_GARCH_Family,LRCX,5,247,0.5906791237757536,0.4863776843496398,0.6974078321539269,0.6172247777334532,,,0.052996705796557596,0.6017882646430923,0,0.01657610002439469,0.23645308893173933
B5_GARCH_Family,LRCX,10,242,0.6089024116142102,0.5039357931819961,0.7098843519771344,0.6311105656040638,,,0.04841501542799592,0.6183223678526341,0,0.019336900033522397,0.26065819861833006
B5_GARCH_Family,LRCX,22,230,0.6563332162901265,0.5492165484603778,0.741091457554584,0.6657454465478341,,,0.04422087314312343,0.6644228067281926,0,0.01767710002604872,0.2861199964536354
B5_GARCH_Family,MU,1,251,0.4834401896853204,0.39239240496295613,0.6264123282335335,0.5315421748831131,,,0.1879613676702224,0.4931678875294389,0,0.02324030001182109,0.19552899862173945
B5_GARCH_Family,MU,5,247,0.4953877031487903,0.4037542567407181,0.6354166009325835,0.5414658183888273,,,0.1708087057165722,0.5062522721004964,0,0.031244699959643185,0.23583559860708192
B5_GARCH_Family,MU,10,242,0.5097459350277233,0.41744629141073636,0.6461008368751245,0.5526730298700399,,,0.15404150356832647,0.5219067702912924,0,0.029221899982076138,0.26518359081819654
B5_GARCH_Family,MU,22,230,0.5119612018333564,0.4190980823247902,0.6473778512775906,0.5537156041912108,,,0.1678767743261766,0.5243606406624439,0,0.026650100015103817,0.30868299421854317
B5_GARCH_Family,NVDA,1,251,0.5095996710627155,0.4086471849231558,0.6392551798172275,0.5551338249539343,,,0.06163180547549173,0.5613648466416836,0,0.030534000019542873,0.21907280257437378
B5_GARCH_Family,NVDA,5,247,0.5229988400624187,0.42159497671639096,0.6493034550319219,0.5644876984450936,,,0.05701544342413462,0.5778204161375109,0,0.035999300016555935,0.3243356967577711
B5_GARCH_Family,NVDA,10,242,0.5404678076931959,0.4380286707928202,0.6618373446646995,0.5777845471373336,,,0.053172086961154386,0.5941150430031453,0,0.038017100014258176,0.4428842057241127
B5_GARCH_Family,NVDA,22,230,0.5884548697716236,0.4814976777681237,0.6939003370572201,0.6162678790064238,,,0.05154343368713098,0.6340416898165335,0,0.03598640003474429,0.26896199968177825
B5_GARCH_Family,QCOM,1,251,0.6277225837772114,0.5247624795164331,0.7244049140614889,0.6430856336248166,,,1.4260362614034414,0.6245293290667064,0,0.013382599980104715,0.21051369584165514
B5_GARCH_Family,QCOM,5,247,0.6312836070490954,0.5287583450308718,0.7271577167512367,0.6453624497112879,,,1.4037455350158798,0.6281435179110191,0,0.015966799983289093,0.26078260166104883
B5_GARCH_Family,QCOM,10,242,0.6439841759687474,0.5409229115141969,0.7354746164988951,0.6552080625557942,,,1.3811463858986164,0.6409254116121917,0,0.02139890001853928,0.388434199616313
B5_GARCH_Family,QCOM,22,230,0.664354691517651,0.5636512893051655,0.7507671338738567,0.672982220058476,,,,0.664354691517651,0,0.016320900002028793,0.37761399697046727
B5_GARCH_Family,TXN,1,251,0.5023289566368935,0.3988152375958184,0.6315182005261751,0.5528881863602298,,,1.399407155242896,0.49874064384246947,0,0.022276700008660555,0.19299390853848308
B5_GARCH_Family,TXN,5,247,0.49846294289456217,0.39563864751228073,0.6289981299751858,0.5492562894177281,,,1.4169570361014294,0.494729227068518,0,0.024672799976542592,0.2959801108809188
B5_GARCH_Family,TXN,10,242,0.44965297977870217,0.3503875141240747,0.591935396917666,0.510036308238327,,,1.7073146014446872,0.4444344668257313,0,0.02683360001537949,0.4121501970803365
B5_GARCH_Family,TXN,22,230,0.4758655343014075,0.3777303489447761,0.6145977130975807,0.5350138876991101,,,,0.4758655343014075,0,0.021237999957520515,0.2553000027546659
B6_Linear,ADI,1,251,0.2650704064657894,0.12360571317158861,0.35157604180545154,0.2782466591338345,0.1464794278429566,0.07777892240768342,3.4652040938929924,0.23936652142621345,0,0.0028445000061765313,0.10240800544852391
B6_Linear,ADI,5,247,0.23848302657010928,0.11667468786506832,0.3415767671623296,0.26932457939181464,0.17692533870991378,0.1567717516123879,4.4739897424230515,0.20390746154273834,0,0.0023375999880954623,0.06836960301734507
B6_Linear,ADI,10,242,0.25086607877668954,0.12789511770990744,0.35762426890510024,0.2787596347157992,0.0480683500737947,0.06997180823172415,6.656285917394854,0.2242875732222573,0,0.0025576999760232866,0.1408440019004047
B6_Linear,ADI,22,230,0.2485183916231374,0.13360924886590636,0.36552598931663716,0.28509257884226147,0.020945093138822354,0.008565478394979458,7.841128615837084,0.21536288846063115,0,0.0022010999964550138,0.0694140064297244
B6_Linear,AMAT,1,251,0.26610386425945887,0.1231270348627207,0.3508946207377946,0.2837821831532001,0.19714574954643016,0.18184701890050603,2.297577462686649,0.22481375047028834,0,0.0017873999895527959,0.06330219988012686
B6_Linear,AMAT,5,247,0.24675122448638934,0.1243515126433275,0.35263509842800317,0.28230297126420917,0.15152177859578753,0.17452574007823074,1.7244461133239075,0.21622033835338283,0,0.0020169999916106462,0.07632299169199541
B6_Linear,AMAT,10,242,0.24471525854454754,0.12864258935009312,0.35866779803892784,0.28766528569532684,0.11340210565253861,0.1031436002062412,1.6332079490446691,0.21542216380825802,0,0.003569299995433539,0.1260820021852851
B6_Linear,AMAT,22,230,0.24029742019232736,0.13858502252741672,0.3722700935173503,0.30165406727601635,0.05088687633226963,0.06916639831238666,1.703957365540368,0.2209538966855251,0,0.0018430000054650009,0.06292799720540643
B6_Linear,AMD,1,251,0.2604353739446114,0.10647644155180841,0.32630728087465105,0.2627851469869798,0.302626447860335,0.2836476100987802,1.1570637715936836,0.13409228154860584,0,0.0021823999704793096,0.07000390707980841
B6_Linear,AMD,5,247,0.31420588585216547,0.12472634547392014,0.3531661726070606,0.2781670951325478,0.02678746042414676,0.04147972599559628,1.500793320666072,0.14390861511498457,0,0.0024084000033326447,0.07916349894367158
B6_Linear,AMD,10,242,0.30423592359021984,0.12799433495080803,0.35776295916543405,0.28581215958425443,-0.030184357501072547,-0.02516133320523143,1.3465806849677715,0.1567343064141513,0,0.0034491000114940107,0.08046500699128956
B6_Linear,AMD,22,230,0.2645982027141407,0.12357450192754299,0.3515316513879554,0.2848372879811393,-0.025007437236305788,-0.04098992450413366,1.0440538956725982,0.16092675586744934,0,0.002183999982662499,0.06327299983240664
B6_Linear,AVGO,1,251,0.32744490246336927,0.12806317999004155,0.3578591622273231,0.28675579334081325,0.40775218345597597,0.3372580222585452,4.5763768671882215,0.22338942577623003,0,0.002229899982921779,0.0836081083980389
B6_Linear,AVGO,5,247,0.5393637322753644,0.15512734141625692,0.3938620842582552,0.31112368003787544,0.1656376885872617,0.15973413413242357,12.412057382310655,0.24377799824958954,0,0.002627600042615086,0.08933990454534069
B6_Linear,AVGO,10,242,0.5834361386616391,0.16456663867744326,0.40566813860277867,0.31346894195944053,0.03649643634542442,0.050031392395703145,13.34189008017015,0.2590686655724396,0,0.002297299972269684,0.09389601065777242
B6_Linear,AVGO,22,230,0.521576573424289,0.16011875217530466,0.40014841268622403,0.30987017191916455,0.018019858278215006,0.0525202054847897,10.446297768016994,0.2557358271405558,0,0.001881800009869039,0.06909200397785753
B6_Linear,INTC,1,251,0.29937213131716894,0.1280459853899199,0.3578351371650357,0.2824870444616766,0.2867915022824832,0.2789794177228046,1.5523771695788746,0.21973198058019616,0,0.0022554000024683774,0.08087218756554648
B6_Linear,INTC,5,247,0.4181838945752402,0.15517056036059293,0.39391694601856486,0.31178747849559024,-0.02373481448655227,-0.010713551944435469,3.0220307785299516,0.2498317253540303,0,0.0033737000194378197,0.08966099261306226
B6_Linear,INTC,10,242,0.451081998612384,0.15687315735809265,0.39607216180652316,0.3087309159431403,-0.04582566930689736,-0.04367586113178919,3.522014422739892,0.2481569485599056,0,0.0026995999505743384,0.08731360279489309
B6_Linear,INTC,22,230,0.4121432376054847,0.14339658134110975,0.3786774106559695,0.293303615589441,0.04829042999756798,0.03738107132349807,3.26012971365235,0.24152653627548823,0,0.0024074000539258122,0.09361000324133784
B6_Linear,KLAC,1,251,0.2797838677104399,0.13030319082991787,0.3609753327166801,0.28506371646821016,0.2635350039147596,0.25566463687795415,2.0867569572862337,0.24305677239385873,0,0.0026715000276453793,0.08589219657005742
B6_Linear,KLAC,5,247,0.27578455301294263,0.13765490090689478,0.37101873390287826,0.29245851953902985,0.16828074053611441,0.18486620701980688,2.0565850451502015,0.23899115441506538,0,0.002462300006300211,0.08758620556909591
B6_Linear,KLAC,10,242,0.2704324537781623,0.14055501048400307,0.3749066690311111,0.29589713720339966,0.14395642312781354,0.1511491987638263,1.9572597034356818,0.23484538100057753,0,0.00270990002900362,0.07293879194185138
B6_Linear,KLAC,22,230,0.26478315221251025,0.14792340726882858,0.3846081216885943,0.30613424696833197,0.080979243349798,0.07438735057029716,1.8972500100411132,0.2285061109274302,0,0.0024172000121325254,0.08153500501066446
B6_Linear,LRCX,1,251,0.233137296949732,0.111026045837957,0.3332057109924093,0.2637759039664158,0.3042395739380128,0.31122155207671415,1.6818102846843108,0.20369272402829747,0,0.0023859000066295266,0.0694265880738385
B6_Linear,LRCX,5,247,0.23981869351468402,0.11749184341958953,0.34277083221824683,0.2784370003644816,0.22458944855083554,0.2567875987663181,1.6391784893841312,0.21090630103804256,0,0.0034727000165730715,0.14570530242053792
B6_Linear,LRCX,10,242,0.2207479242465452,0.11822581321674003,0.3438398074928789,0.2803782416359975,0.22375113549260126,0.24865402193142708,1.434080700945933,0.20035577673899246,0,0.0028788999770767987,0.08799119386821985
B6_Linear,LRCX,22,230,0.2187271492328738,0.13159225809015768,0.36275647215474693,0.2977917866225844,0.18291295666390728,0.18775258396981775,0.8957233202972104,0.20978006327167112,0,0.0024046999751590192,0.08788299979642034
B6_Linear,MU,1,251,0.24427934086217779,0.11974553980004086,0.3460426849393596,0.2792114068946201,0.3306926582894889,0.3219349074969913,1.4956054559677145,0.2030834193772218,0,0.0017865000409074128,0.06470781058305874
B6_Linear,MU,5,247,0.24763240010505227,0.13075781168906075,0.36160449622351315,0.2888631914070698,0.21837997580062965,0.21724775551771291,1.6253020333342727,0.20151793539445076,0,0.002717500028666109,0.06975279917242005
B6_Linear,MU,10,242,0.26662952672670054,0.14450472066464878,0.3801377653754607,0.30741578481044557,0.06537669873654378,0.041800784661773546,1.7230241963559323,0.21683825597014564,0,0.0038053999887779355,0.12671119289007038
B6_Linear,MU,22,230,0.2535069613394333,0.15244464018541667,0.3904415963821179,0.3126467808826216,0.11662875642330459,0.09289270935730876,1.2613817584543068,0.21718714883078924,0,0.002218899957370013,0.09889998997095972
B6_Linear,NVDA,1,251,0.2384943213576084,0.10231118600214287,0.31986119802524166,0.25571522874301683,0.4506629442873475,0.44237222184659375,1.0707994639024685,0.14231683821909125,0,0.002272400015499443,0.09048550232546404
B6_Linear,NVDA,5,247,0.25889429037120887,0.11942231420649262,0.34557533796046935,0.2785242270641871,0.3025976195036278,0.29680763466534843,1.1047121205239856,0.1593863103532351,0,0.002389000030234456,0.12468560051638633
B6_Linear,NVDA,10,242,0.2778953812763067,0.13332114553705363,0.3651316824613466,0.29429763381047275,0.16933439381512344,0.16799863846356727,1.1275465007325725,0.18435580849213062,0,0.0031334999948740005,0.16763339459430426
B6_Linear,NVDA,22,230,0.2587321813522725,0.13515494055296387,0.36763424834060804,0.29805499747422387,0.07577675203294036,0.06687276943248284,1.1729370040969276,0.18111101715697156,0,0.0020889999577775598,0.07357699796557426
B6_Linear,QCOM,1,251,0.22933267798728918,0.11131865392326984,0.33364450231237114,0.26859077128349423,0.380307684100883,0.36398999732740894,6.70504177534724,0.2034298415978494,0,0.002695900038816035,0.08310610457556322
B6_Linear,QCOM,5,247,0.23812651491110365,0.12448562736526653,0.3528252079504333,0.2804948693591767,0.2662623564304437,0.24730717836281688,5.722274123588869,0.2158332319489989,0,0.0024630999541841447,0.08558550471207127
B6_Linear,QCOM,10,242,0.23343097962442846,0.13051780065321233,0.36127247425345366,0.2832341335879983,0.22936169035334372,0.22054607950711486,5.6581315217087695,0.21092184874441047,0,0.003840500023216009,0.134479395695962
B6_Linear,QCOM,22,230,0.22515982725412162,0.14216986358771366,0.3770541918447714,0.2952452318190668,0.08545316810071246,0.07203947546876587,,0.22515982725412162,0,0.0023584000300616026,0.07573900104034692
B6_Linear,TXN,1,251,0.2260208649279885,0.1084179518206435,0.3292688139205465,0.26459524639544346,0.19580123875495972,0.1385359982593528,4.275140647590775,0.20982438579733736,0,0.0024970000376924872,0.07389440748374909
B6_Linear,TXN,5,247,0.22472913114190948,0.11119260427633386,0.33345555067554933,0.26236702572196197,0.1387449835917996,0.14396462341924982,4.668983884693613,0.2066630549079595,0,0.0021953999530524015,0.07617480494081974
B6_Linear,TXN,10,242,0.2219763212214817,0.11179878901971246,0.3343632590756832,0.2643410719565353,0.09372895528418819,0.08520569322169322,7.20932789023437,0.1929831611840838,0,0.0029888999997638166,0.09554159501567483
B6_Linear,TXN,22,230,0.1867415511481098,0.10933455254006667,0.3306577574170409,0.2607404584800744,0.10714555798944331,0.1456644200514622,,0.1867415511481098,0,0.002040600054897368,0.0716450100298971
B6_MLP,ADI,1,251,0.9260472301555102,0.45728035002513484,0.6762250734963433,0.5530381588797119,-0.051771533646581686,-0.033789471467558875,7.775594571338811,0.8710307856480137,0,0.1387405000277795,0.1605897955596447
B6_MLP,ADI,5,247,0.7944170934025497,0.42022340049615825,0.6482464041521235,0.5339819085659184,0.03589528516263093,0.06141926790935254,8.284277377063104,0.7332753768012391,0,0.16928889998234808,0.1773953993106261
B6_MLP,ADI,10,242,1.0763766427472006,0.4987584191825627,0.7062283052827625,0.5729176584185157,-0.15901378412865355,-0.12806234618697074,34.68779414096642,0.936910180098988,0,0.21065419999649748,0.18493639957159758
B6_MLP,ADI,22,230,1.0344629443091171,0.5165518566471562,0.7187154211836255,0.5807739283663998,-0.1833792683523151,-0.1748834076099016,8.227600816469309,1.0030518618979374,0,0.15864219999639317,0.13896598713472486
B6_MLP,AMAT,1,251,0.4663119306343255,0.26609568722148974,0.5158446347704798,0.4075666769285186,0.02281777197182401,0.050559372990845265,3.5871467443379395,0.40288032872978047,0,0.18357380002271384,0.27359000861179084
B6_MLP,AMAT,5,247,0.3633956516134626,0.23932385072367912,0.48920736985830365,0.3941428956607836,0.17373244486471248,0.14808488340813813,0.14142474891328788,0.367981827289086,0,0.16253930004313588,0.20538049674360082
B6_MLP,AMAT,10,242,0.4044185535894087,0.26302996622060343,0.5128644715912806,0.4085762565856408,0.11214536285244261,0.13690556075136154,0.9023092840115364,0.3939145297408406,0,0.20460479997564107,0.20465939480345696
B6_MLP,AMAT,22,230,0.479918595118937,0.3161483008684134,0.5622706651323839,0.46276227864111713,-0.08852920746925538,-0.08799180980700039,0.23095718644539223,0.48320883400008524,0,0.17632919998141006,0.14996000390965492
B6_MLP,AMD,1,251,0.5838846822206094,0.3759819051950214,0.613173633806136,0.5044701414637378,0.19462058870973373,0.14837589364146891,0.7644729732045911,0.5584381503092302,0,0.21633949998067692,0.20107609702972695
B6_MLP,AMD,5,247,0.56017191804857,0.39045853773272304,0.6248668159957953,0.5168407451032322,0.11214209529035314,0.05868822198127126,0.7483979645228398,0.5331579947119852,0,0.158074899984058,0.17213430238189176
B6_MLP,AMD,10,242,0.6626857768885135,0.4233169110172991,0.6506280896313186,0.5433161233256038,-0.03208777276703071,-0.024114778896385487,1.3532120515406418,0.5649697946264199,0,0.22187249996932223,0.19735099549870938
B6_MLP,AMD,22,230,0.6351347618655508,0.4475641756080485,0.6690023733949294,0.5667205728919733,-0.033562014659159874,-0.010633738881394558,0.7373728221367083,0.6215365962137221,0,0.180159299983643,0.16060900466982275
B6_MLP,AVGO,1,251,2.783875089789133,0.5380190798945316,0.733497839052394,0.5743388303846751,-0.007882595497090875,0.00022083133892691084,15.629671743434066,2.4692841513325225,0,0.21825999999418855,0.20039840647950768
B6_MLP,AVGO,5,247,2.4061691738330944,0.5034345521205595,0.7095312199759497,0.5596771379562642,0.08776939149749918,0.06990944028498704,2.111477827934588,2.4135058878388667,0,0.16358360002050176,0.17250480520306155
B6_MLP,AVGO,10,242,2.025069407938537,0.5067750410246732,0.7118813391462605,0.5672342833804005,0.1060028919906582,0.0666234271521681,3.2811196720572346,1.9931359266473834,0,0.17814680002629757,0.15923600108362734
B6_MLP,AVGO,22,230,1.981443326291549,0.5015247459258556,0.708184118662552,0.5746873693153659,0.14445463213255139,0.11307575583501756,3.009765072977532,1.9538989937910316,0,0.182747200015001,0.15278899867553264
B6_MLP,INTC,1,251,0.8951960312359912,0.3720046215151902,0.6099218159036371,0.489011236148363,0.040104459641111444,0.0556752990093187,2.747628482158255,0.7774566805417796,0,0.2095147999934852,0.2401568024070002
B6_MLP,INTC,5,247,0.898380504829707,0.35581904407178555,0.5965056949198269,0.4984076307454566,0.025422343980125953,0.0059761289305397085,2.7166211886191136,0.7808218399295299,0,0.16626989998621866,0.1681082004797645
B6_MLP,INTC,10,242,0.8434723726079232,0.346200569352546,0.5883881111583968,0.48129665685299433,0.03445685103168652,0.012285582317314086,3.9833727234719585,0.6359899705684495,0,0.1841184999793768,0.19272880256175995
B6_MLP,INTC,22,230,0.7064267005795,0.3101920409477768,0.5569488674445588,0.44083744719134904,0.07199249857111799,0.07587073815807414,3.5678037759015764,0.5350077974496061,0,0.17757509998045862,0.1408750016707927
B6_MLP,KLAC,1,251,0.5428827569869099,0.2877768005718641,0.5364483205042813,0.43264440257220554,0.24450085363558932,0.22456384387712391,1.2503537244266107,0.5285032657787858,0,0.19278919999487698,0.6235843999893405
B6_MLP,KLAC,5,247,0.566501256169866,0.29922415357095977,0.5470138513520107,0.4319932387785221,0.1569070062283856,0.15231901992938268,1.7307451589280727,0.5424466300798203,0,0.16832279996015131,0.1567215000395663
B6_MLP,KLAC,10,242,0.6015297869032399,0.31468996133828625,0.5609723356265318,0.4526197187407265,0.1367853888757972,0.11997144837291132,0.8342525821355661,0.5966200232907434,0,0.22672940004849806,0.2370390018913895
B6_MLP,KLAC,22,230,0.6528086159056133,0.3441187207932789,0.5866163318501104,0.46789037205760114,0.08833934514683989,0.07081351085998476,5.1302437827803375,0.5533100566417307,0,0.1596313000191003,0.1228659984190017
B6_MLP,LRCX,1,251,0.768860248718125,0.3390404704260827,0.5822718183340859,0.4762411860356414,0.17866804675836478,0.18965541773861067,1.8500056343251212,0.7468857490106655,0,0.23046599997906014,0.23533760954160243
B6_MLP,LRCX,5,247,1.0582812037412725,0.38181772762640553,0.6179140131332235,0.5082198338458985,0.016613523685456676,0.07963194786216865,17.701616205345722,0.714410645856883,0,0.16199980000965297,0.15269539813743904
B6_MLP,LRCX,10,242,0.7172155363766581,0.34936935152349907,0.5910747427555157,0.4712231149126899,0.13605039613315503,0.17184955189126253,1.7130075147541992,0.7004795367400608,0,0.25138510001124814,0.19439860119018704
B6_MLP,LRCX,22,230,0.7378386395812813,0.3946686136814281,0.6282265623813021,0.5166930645341548,0.06258217086152834,0.11225170641374918,0.4767341317072413,0.7412893599496606,0,0.16078829998150468,0.16392098972573876
B6_MLP,MU,1,251,1.228438219427823,0.41333521938494383,0.6429115175395008,0.508204747820188,0.29100775642196575,0.30736079799839566,3.9040533251377116,1.1403521254126827,0,0.21245559997623786,0.25586939055938274
B6_MLP,MU,5,247,1.004777737168908,0.4227364100414295,0.6501818284460351,0.5122173103756138,0.2714902381029216,0.28013109339026054,1.3178352018291564,0.9942988262179375,0,0.16831430001184344,0.14857049548299983
B6_MLP,MU,10,242,1.0374059154344824,0.4393607714273163,0.6628429462755987,0.5323130853984781,0.21316841298027794,0.21414948199402692,1.31205699080603,1.0280161350798995,0,0.39008350000949576,0.23539340344723314
B6_MLP,MU,22,230,1.1174172252635415,0.48441530452641507,0.6959995003779924,0.5649623765859444,0.14191377133119748,0.1428973696009913,1.392793636534126,1.1074937509835208,0,0.16215659998124465,0.12962800974491984
B6_MLP,NVDA,1,251,0.499687065449225,0.3600290181118526,0.6000241812725989,0.48912335647848565,0.25682874518695753,0.2494612493176173,0.6409140790516609,0.48336749943294344,0,0.24359530000947416,0.17795899632619694
B6_MLP,NVDA,5,247,0.5111043464330619,0.40153983392300097,0.633671708318275,0.5118121573591379,0.13215857872307035,0.12954729698538264,0.43657390107884453,0.5198726341217935,0,0.1603629000019282,0.15560999157605693
B6_MLP,NVDA,10,242,0.5804173956068661,0.45183269237509827,0.6721850135008205,0.5526085603897108,-0.017200441766896966,-0.01671184659683849,0.7448511881886924,0.5623145927538211,0,0.30708830000367016,0.25240599212702364
B6_MLP,NVDA,22,230,0.5513612370469433,0.44337038257469524,0.6658606329966469,0.5542384502943465,0.10036269355804871,0.09544622695355515,0.36416235607613195,0.5672554816576725,0,0.16021739999996498,0.17590400064364076
B6_MLP,QCOM,1,251,0.6065745192947508,0.41692605138607935,0.6456981116482217,0.5241827842894536,0.32240473767591904,0.2910515309174757,3.1376983807961896,0.596450023848745,0,0.20867949997773394,0.17858650110429153
B6_MLP,QCOM,5,247,0.6296474933914873,0.46668155129429595,0.6831409454089954,0.5554409711202851,0.1834387880219317,0.10907420768226513,5.457612966998591,0.6100216174825154,0,0.1787627000012435,0.1714180113049224
B6_MLP,QCOM,10,242,0.5910307718550739,0.4783290801298613,0.6916133892066154,0.5568986484649064,0.16732495145690607,0.11181831614000066,3.3755851329484434,0.5794766043816576,0,0.23149080004077405,0.2244550046743825
B6_MLP,QCOM,22,230,0.659887419673794,0.5862826687126479,0.7656909746840744,0.6234955438661252,-0.050345191888116196,-0.07464378725435436,,0.659887419673794,0,0.1689261000137776,0.15196099237073213
B6_MLP,TXN,1,251,0.5390651575514028,0.4034958938799624,0.6352132664546313,0.5305879980828673,0.03836210597220075,0.06992537077003874,1.4001930635914146,0.5356206459272428,0,0.1768750999472104,0.17180950794136152
B6_MLP,TXN,5,247,0.5436500794546462,0.4059809514193126,0.6371663451715828,0.5333496202188198,0.034433047535121754,0.01934945442791043,0.31815710274682774,0.5445667175713447,0,0.18970449996413663,0.1689232923090458
B6_MLP,TXN,10,242,0.5576406899511757,0.41777497644776035,0.6463551473050713,0.5224083105869601,0.015977993297059165,0.030596895814969726,1.4759298895699926,0.5538303613220519,0,0.2129603000357747,0.2005696059204638
B6_MLP,TXN,22,230,0.5443424414564197,0.4468235042053666,0.66844858007581,0.5483207201872349,-0.022200565274517248,-0.012903203535300682,,0.5443424414564197,0,0.1632040999829769,0.18027400714345276
B7_DLinear,ADI,1,251,0.28810478022828473,0.1562533268868636,0.3952889157146499,0.3201564927213481,0.10511706559203812,0.05046527303886266,4.647631081394006,0.25308850471691346,0,0.029815000016242266,0.016089091019239277
B7_DLinear,ADI,5,247,0.2764736611768464,0.15599176402325457,0.3949579269026697,0.3118521823710003,0.12065718406169876,0.08211453590147272,5.652898915926006,0.232584475423792,0,0.03056819998892024,0.02015519532142207
B7_DLinear,ADI,10,242,0.332321661401628,0.17679196684594783,0.4204663682697438,0.33258542438314254,-0.021148969484279745,-0.010286883736382979,12.663384054515996,0.2811554274053028,0,0.03700609999941662,0.01681900129187852
B7_DLinear,ADI,22,230,0.32210757038033155,0.17118394020473432,0.4137438098687814,0.3275435218825716,-0.05409470096395972,-0.07162325900464228,6.101385612794232,0.2968705483610569,0,0.03420429996913299,0.011500007240101695
B7_DLinear,AMAT,1,251,0.29697103218313425,0.16460603838225896,0.4057166971943094,0.33202629617186197,0.11076941495709637,0.09760517519395308,1.9576886518511654,0.26321660901914995,0,0.03184080001665279,0.013152397878002375
B7_DLinear,AMAT,5,247,0.29900858156780896,0.17583640008386134,0.4193285109360695,0.3385285294318502,0.03776757187411864,-0.0017893746028279998,1.610581615091612,0.2719099651726891,0,0.03311990003567189,0.012942812289111316
B7_DLinear,AMAT,10,242,0.31163113045035884,0.17959034017016154,0.42378100496619897,0.33865921473413985,0.019666398459784448,0.016938769375779202,1.5746883217535927,0.28498435426252683,0,0.03271090000635013,0.01263239758554846
B7_DLinear,AMAT,22,230,0.31507792737980816,0.1718527350113712,0.41455124533810195,0.3384082570714639,0.028464409390026972,0.0012323755258825304,2.2904502719603514,0.2889716849404177,0,0.03330389998154715,0.011109004262834787
B7_DLinear,AMD,1,251,0.2935077600921546,0.1419138559963373,0.37671455506303086,0.30290757931458,0.16314127565234837,0.17931011454987833,1.0388861606655373,0.18847716728408698,0,0.03067509998800233,0.017143299046438187
B7_DLinear,AMD,5,247,0.31872718362745545,0.16948441673795284,0.4116848512369053,0.3279840912482804,0.032050515828367154,0.04287929246843573,1.017329035394739,0.21846488082752116,0,0.024625099962577224,0.01501759933307767
B7_DLinear,AMD,10,242,0.35799738641977735,0.19284890248888703,0.4391456506546399,0.34887130094988483,-0.13238381738036348,-0.13309994720677568,1.1183588525880759,0.2503990657355841,0,0.027745300030801445,0.019287391914986074
B7_DLinear,AMD,22,230,0.3191919325765991,0.17462462353822317,0.41788111172703557,0.33645860960534335,-0.027647209085804272,-0.03118565966617024,0.9096317693963306,0.24066052570895005,0,0.031058400054462254,0.013593009789474308
B7_DLinear,AVGO,1,251,0.4068892413062445,0.20809107087184647,0.4561700021613066,0.369616864648186,0.16590842777830134,0.13680311728876998,5.173624773473998,0.290152860926626,0,0.02407740004127845,0.013930503802839667
B7_DLinear,AVGO,5,247,0.5465760652758731,0.28300604186959,0.5319831217901466,0.43524342535126814,0.009567433863005306,0.028290753066340688,7.7781991095628795,0.36653565753428785,0,0.011964700010139495,0.012275892833713442
B7_DLinear,AVGO,10,242,0.5217211050307544,0.29091273036855086,0.539363263829259,0.43264695768584777,-0.0075504777538120856,0.02784249357655884,6.589333746525752,0.3674597666876613,0,0.011690500017721206,0.014108594739809632
B7_DLinear,AVGO,22,230,0.5790126979070103,0.30041639724614794,0.5481025426379155,0.440617547739661,-0.013638327262887027,0.0065194095446846935,8.19367023912203,0.37504865662446507,0,0.010962900007143617,0.011959997355006635
B7_DLinear,INTC,1,251,0.29102365287450577,0.15975231969474923,0.39969027971011406,0.33237781439090414,0.20933806025010016,0.15022905559906177,0.925417942922861,0.2507019818968561,0,0.02879329997813329,0.0117217015940696
B7_DLinear,INTC,5,247,0.3384563561243367,0.19016743790646887,0.43608191650935135,0.3538390587919527,0.06039076810288946,0.08395447805538199,1.3985094442638937,0.2699184409428999,0,0.028911500005051494,0.01687009906163439
B7_DLinear,INTC,10,242,0.37089565756679144,0.22018316565040066,0.469236790597669,0.3834216492303643,-0.07437717524470389,-0.051464477482856666,1.2013615823832415,0.316019054605352,0,0.02010999998310581,0.014955601189285517
B7_DLinear,INTC,22,230,0.31878520773826086,0.18392634727933885,0.42886635130228956,0.35297246734510745,0.08730537012126957,0.0617578438804806,1.210507097137403,0.2653640807235657,0,0.026746499992441386,0.023689992958679795
B7_DLinear,KLAC,1,251,0.3135439133468314,0.17386603568967032,0.41697246394656606,0.3354999098229637,0.14976679463099996,0.15187049266469377,2.0186952153191897,0.27888636655877536,0,0.02535739995073527,0.0117217015940696
B7_DLinear,KLAC,5,247,0.3264418314344608,0.19251239937703574,0.43876234954361765,0.3527228601131116,0.03471381980613971,0.029089083301914818,1.4822334939080126,0.3025618384081478,0,0.035808199958410114,0.012177106458693743
B7_DLinear,KLAC,10,242,0.34037391754630225,0.1945680161067714,0.4410986466843572,0.3607289085547145,0.05485160194800786,0.05043231752939129,1.3317675266292919,0.31945844056142897,0,0.030696699977852404,0.012535596848465502
B7_DLinear,KLAC,22,230,0.34374648328719926,0.18668996695934023,0.43207634390156124,0.34628753627159914,0.0378676226218447,0.03400695633826867,2.6020143697815756,0.2935627524762131,0,0.03203169995686039,0.011040003737434745
B7_DLinear,LRCX,1,251,0.26613315236953594,0.15856528933480904,0.3982025732398135,0.32118536417273236,0.22908252881161928,0.2532206941734383,1.24339230464758,0.2462701614695757,0,0.013380699965637177,0.015587101806886494
B7_DLinear,LRCX,5,247,0.2821783088223038,0.17113081100393976,0.41367959945341726,0.3388831717982547,0.15148725530814172,0.15908790471978676,1.3565354991631229,0.25998084621195633,0,0.017197399982251227,0.016721897933166474
B7_DLinear,LRCX,10,242,0.2728805281657204,0.15228066165876994,0.39023154877427574,0.31229832646611283,0.1292984810563244,0.14028146045149806,1.2917533211017176,0.2557566156794011,0,0.03410540003096685,0.020449000759981573
B7_DLinear,LRCX,22,230,0.26073763000717287,0.1373772686440804,0.37064439648277486,0.2998951895718728,0.11044638794305373,0.10337110678586096,1.4088262880240467,0.245564652147919,0,0.07363739999709651,0.009660006617195904
B7_DLinear,MU,1,251,0.272400735555764,0.156885206306806,0.3960873720617788,0.3131729631546792,0.24409022238628852,0.24273310275086127,1.2358110298281717,0.24068352422169298,0,0.02869270002702251,0.012022889277432114
B7_DLinear,MU,5,247,0.2796782655274225,0.168825722993078,0.41088407488375356,0.3189485452507281,0.16318666950751365,0.13995425826578217,1.2119840666453903,0.24847137678707207,0,0.03295200003776699,0.022724000504240394
B7_DLinear,MU,10,242,0.3103518336141896,0.18722480145886622,0.4326948133024779,0.34307991969635737,0.04515684576529734,0.07400688473561196,1.153301516379868,0.2815330410410041,0,0.03183930000523105,0.01960200839675963
B7_DLinear,MU,22,230,0.32251377852995256,0.18058696776548572,0.4249552538391374,0.33455087167108355,0.07010782516520889,0.08996637227424076,1.7774288839483978,0.2700844053617203,0,0.02729579998413101,0.009476005216129124
B7_DLinear,NVDA,1,251,0.27100159327614415,0.14211192390284916,0.3769773519760161,0.30098544786705383,0.3361700200515311,0.3576041013924607,0.9385071638189776,0.1938676162356389,0,0.025129899964667857,0.011822102358564734
B7_DLinear,NVDA,5,247,0.30658390514178757,0.1618601757376244,0.40231850036709027,0.3294398507377225,0.23314933338458343,0.22465331364810862,0.9965760533160002,0.22540835829776262,0,0.03778210002928972,0.013288600544910878
B7_DLinear,NVDA,10,242,0.2881267272722961,0.15652745704534032,0.3956355103442313,0.31793757109675597,0.2248433204057483,0.2486963582707817,0.8331855805241918,0.22812024801520664,0,0.039687099982984364,0.01316480163950473
B7_DLinear,NVDA,22,230,0.3330760188712743,0.18144685367903526,0.42596578932941936,0.3535590834796431,0.04624332136402841,0.017988047091673134,1.2061808663893723,0.25894447521407726,0,0.03253020002739504,0.0096139928791672
B7_DLinear,QCOM,1,251,0.255649306177964,0.1367366239039791,0.3697791555834091,0.2973961216300514,0.3087409572013733,0.28136530682791183,4.996786952001402,0.23668475559467025,0,0.029204799968283623,0.011018910852726549
B7_DLinear,QCOM,5,247,0.2738587135727273,0.15389315440277535,0.3922921798899072,0.3094200539172232,0.20160816997374192,0.1745532137870859,4.388994102744286,0.2571305209338185,0,0.049155799963045865,0.013782604306470603
B7_DLinear,QCOM,10,242,0.285823662334425,0.16642413224335562,0.4079511395294241,0.3160342661651594,0.12768909115385235,0.10024059741669565,5.8073916869026405,0.2629125916930632,0,0.05063640000298619,0.020981404813937843
B7_DLinear,QCOM,22,230,0.26328803930967815,0.1523058257611378,0.39026378996921784,0.3001073952405553,0.15354927166130555,0.1453261208874945,,0.26328803930967815,0,0.016010700026527047,0.01044199918396771
B7_DLinear,TXN,1,251,0.23113796681187346,0.12934884346177053,0.35965100230886404,0.28888758324964564,0.17390251729102746,0.11648625467220396,2.85092056629463,0.22065883641394246,0,0.03059679997386411,0.01101889624260366
B7_DLinear,TXN,5,247,0.25647704565148666,0.1445914465756543,0.3802518199504827,0.30625415860219124,0.0574743242755632,0.03914684976106819,1.5070197333380744,0.2513935387909721,0,0.04017559997737408,0.024700001173187047
B7_DLinear,TXN,10,242,0.2530324973776692,0.14558815828215937,0.38156016338470056,0.2968732279468814,0.05382040798254914,0.04927187846768145,4.108176493729104,0.2370360492600284,0,0.05115090002072975,0.013382589211687446
B7_DLinear,TXN,22,230,0.22563959262562444,0.11981970454669626,0.34614982962107066,0.2701150125783447,0.09213531295203836,0.08260417370445272,,0.22563959262562444,0,0.06592140003340319,0.009682993404567242
